Lat, Lon, Ice_surf, Ice_base, Distance, X_coord, Y_coord
81.537808,-50.570573,154.2677,154.2677,0,-89139.9289,-913952.459
81.537818,-50.569726,151.0881,143.9581,13.6186121,-89126.3123,-913952.693
81.537827,-50.568878,147.927,133.677,27.2449198,-89112.6904,-913953.037
81.537837,-50.56803,144.7579,123.3779,40.8794772,-89099.0578,-913953.272
81.537846,-50.567182,141.5887,113.0787,54.5057544,-89085.4359,-913953.615
81.537856,-50.566334,138.4293,95.6393,68.1402813,-89071.8034,-913953.849
81.537865,-50.565486,135.2805,78.2005,81.766528,-89058.1814,-913954.192
81.537875,-50.564638,132.1217,60.7517,95.4010244,-89044.5489,-913954.426
81.537884,-50.563791,128.964,43.314,109.011255,-89030.943,-913954.767
81.537893,-50.562943,125.8256,20.5256,122.637457,-89017.3211,-913955.109
81.537903,-50.562095,122.6773,-2.2727,136.271908,-89003.6886,-913955.343
81.537912,-50.561247,113.4189,-27.7411,149.898079,-88990.0667,-913955.685
81.537921,-50.5604,113.2932,-56.6268,163.50825,-88976.4608,-913956.024
81.537931,-50.559552,113.1653,-85.5247,177.142657,-88962.8284,-913956.257
81.53794,-50.558704,113.0473,-101.4927,190.768783,-88949.2065,-913956.599
81.537949,-50.557857,112.9233,-117.4667,204.378909,-88935.6006,-913956.938
81.537959,-50.557009,112.8158,-133.4142,218.01327,-88921.9683,-913957.17
81.537968,-50.556162,112.6982,-147.4518,231.623366,-88908.3624,-913957.509
81.537977,-50.555314,112.5856,-161.4944,245.249433,-88894.7406,-913957.85
81.537986,-50.554467,112.4632,-175.5368,258.8595,-88881.1347,-913958.188
81.537995,-50.553619,112.3557,-189.5643,272.485537,-88867.5129,-913958.528
81.538004,-50.552772,112.2445,-195.1855,286.095575,-88853.9071,-913958.866
81.538013,-50.551925,112.1406,-200.7994,299.705599,-88840.3013,-913959.204
81.538022,-50.551077,112.0403,-206.4097,313.331593,-88826.6795,-913959.543
81.538031,-50.55023,111.9408,-212.0192,326.941588,-88813.0737,-913959.881
81.53804,-50.549383,111.846,-217.624,340.551568,-88799.4679,-913960.218
81.538049,-50.548535,111.7389,-211.8611,354.177519,-88785.8461,-913960.557
81.538058,-50.547688,111.6507,-206.0793,367.78747,-88772.2404,-913960.894
81.538067,-50.546841,111.5447,-200.3153,381.397407,-88758.6346,-913961.231
81.538076,-50.545994,111.4573,-194.5227,395.007329,-88745.0288,-913961.567
81.538084,-50.545147,111.3506,-182.1594,408.60983,-88731.4336,-913962.012
81.538093,-50.5443,111.2643,-169.7757,422.219725,-88717.8279,-913962.348
81.538102,-50.543453,111.1772,-159.8728,435.829605,-88704.2221,-913962.684
81.53811,-50.542606,111.0918,-149.9582,449.432064,-88690.6269,-913963.128
81.538119,-50.541759,111.0038,-140.0562,463.041917,-88677.0212,-913963.464
81.538127,-50.540912,110.9192,-130.1408,476.644349,-88663.426,-913963.907
81.538135,-50.540066,110.8329,-148.2771,490.230774,-88649.8468,-913964.349
81.538144,-50.539219,110.7566,-166.3934,503.840587,-88636.2411,-913964.684
81.538152,-50.538372,110.6704,-184.5296,517.442978,-88622.6459,-913965.127
81.53816,-50.537525,110.5941,-213.3759,531.045357,-88609.0507,-913965.57
81.538168,-50.536679,110.512,-242.228,544.631729,-88595.4715,-913966.011
81.538176,-50.535832,110.4461,-248.2439,558.234082,-88581.8764,-913966.454
81.538184,-50.534986,110.3802,-254.2598,571.820428,-88568.2972,-913966.895
81.538192,-50.534139,110.3044,-260.2856,585.422755,-88554.702,-913967.337
81.5382,-50.533293,110.2443,-266.2957,599.009076,-88541.1229,-913967.777
81.538208,-50.532446,110.1789,-272.3111,612.611377,-88527.5277,-913968.219
81.538216,-50.5316,110.1234,-278.3066,626.197672,-88513.9486,-913968.659
81.538224,-50.530753,110.0509,-279.7691,639.799948,-88500.3534,-913969.1
81.538231,-50.529907,110,-281.21,653.37967,-88486.7848,-913969.648
81.538239,-50.529061,109.9291,-282.6609,666.965928,-88473.2056,-913970.087
81.538246,-50.528214,109.7816,-284.1484,680.561628,-88459.621,-913970.636
81.538254,-50.527368,109.6374,-285.6326,694.147862,-88446.0419,-913971.075
81.538261,-50.526522,109.4907,-287.1193,707.727536,-88432.4732,-913971.622
81.538269,-50.525676,109.3452,-288.6048,721.313746,-88418.8941,-913972.061
81.538276,-50.52483,109.1798,-290.1102,734.893396,-88405.3255,-913972.608
81.538283,-50.523984,109.0239,-291.6061,748.473035,-88391.7568,-913973.154
81.53829,-50.523138,108.8672,-293.1028,762.052663,-88378.1882,-913973.7
81.538297,-50.522292,108.7134,-294.0466,775.632279,-88364.6196,-913974.247
81.538304,-50.521446,108.5663,-294.9937,789.211884,-88351.0509,-913974.792
81.538311,-50.5206,108.4104,-295.9496,802.791478,-88337.4823,-913975.338
81.538318,-50.519754,108.2521,-296.8979,816.371061,-88323.9137,-913975.884
81.538325,-50.518908,108.0887,-297.8613,829.950633,-88310.3451,-913976.429
81.538332,-50.518062,107.9428,-298.8072,843.530193,-88296.7765,-913976.974
81.538339,-50.517216,107.7832,-299.7668,857.109742,-88283.2078,-913977.519
81.538345,-50.516371,107.621,-301.839,870.667596,-88269.6657,-913978.17
81.538352,-50.515525,107.4606,-303.9194,884.247124,-88256.097,-913978.715
81.538358,-50.514679,107.3042,-305.9958,897.820964,-88242.5389,-913979.368
81.538365,-50.513833,107.1481,-308.0619,911.400472,-88228.9703,-913979.912
81.538371,-50.512988,106.9975,-310.1325,924.958284,-88215.4281,-913980.563
81.538377,-50.512142,106.8417,-312.1983,938.532093,-88201.87,-913981.215
81.538384,-50.511296,106.6924,-314.2676,952.11157,-88188.3014,-913981.758
81.53839,-50.510451,106.5329,-316.3471,965.669352,-88174.7592,-913982.408
81.538396,-50.509605,106.3815,-316.7585,979.243131,-88161.2011,-913983.06
81.538402,-50.50876,106.246,-317.164,992.800893,-88147.6589,-913983.709
81.538408,-50.507914,106.0841,-317.5959,1006.37465,-88134.1007,-913984.361
81.538414,-50.507069,105.9351,-318.0049,1019.9324,-88120.5586,-913985.01
81.538419,-50.506224,105.7806,-318.4294,1033.48532,-88107.0268,-913985.767
81.538425,-50.505378,105.6342,-318.8458,1047.05905,-88093.4687,-913986.418
81.538431,-50.504533,105.4788,-319.2712,1060.61677,-88079.9265,-913987.067
81.538436,-50.503687,105.3429,-319.6671,1074.18568,-88066.3788,-913987.825
81.538442,-50.502842,105.1871,-319.6829,1087.74337,-88052.8366,-913988.473
81.538448,-50.501997,105.0323,-319.6877,1101.30106,-88039.2944,-913989.122
81.538453,-50.501152,104.8853,-319.6947,1114.85393,-88025.7627,-913989.878
81.538458,-50.500306,104.7295,-319.7005,1128.4228,-88012.215,-913990.636
81.538464,-50.499461,104.5712,-319.7088,1141.98047,-87998.6728,-913991.283
81.538469,-50.498616,104.4177,-319.7223,1155.53331,-87985.141,-913992.039
81.538474,-50.497771,104.5155,-319.7845,1169.08614,-87971.6093,-913992.794
81.53848,-50.496926,104.6096,-319.8604,1182.64378,-87958.0671,-913993.441
81.538485,-50.496081,104.7201,-319.9099,1196.1966,-87944.5353,-913994.196
81.53849,-50.495236,104.8242,-319.9758,1209.74941,-87931.0036,-913994.951
81.538495,-50.494391,104.9283,-320.0317,1223.30221,-87917.4718,-913995.706
81.5385,-50.493546,105.0377,-320.0923,1236.855,-87903.94,-913996.461
81.538505,-50.492702,105.1523,-320.1377,1250.39177,-87890.4242,-913997.213
81.53851,-50.491857,105.2607,-320.1993,1263.94455,-87876.8924,-913997.968
81.538515,-50.491012,105.3649,-320.2551,1277.49732,-87863.3606,-913998.722
81.53852,-50.490168,105.469,-320.321,1291.03406,-87849.8448,-913999.474
81.538525,-50.489323,105.5731,-322.2769,1304.58682,-87836.313,-914000.227
81.53853,-50.488479,105.6772,-324.2328,1318.12355,-87822.7972,-914000.979
81.538535,-50.487634,105.7814,-326.1886,1331.67629,-87809.2654,-914001.732
81.53854,-50.48679,105.8855,-328.1545,1345.213,-87795.7495,-914002.484
81.538545,-50.485945,105.9896,-330.1104,1358.76572,-87782.2177,-914003.236
81.53855,-50.485101,106.1031,-332.0569,1372.30242,-87768.7019,-914003.987
81.538555,-50.484256,106.2079,-334.0121,1385.85513,-87755.1701,-914004.74
81.53856,-50.483412,106.322,-335.958,1399.39181,-87741.6542,-914005.49
81.538565,-50.482568,106.4267,-336.9533,1412.92849,-87728.1383,-914006.241
81.538569,-50.481724,106.5413,-337.9387,1426.46121,-87714.6329,-914007.099
81.538574,-50.48088,106.6558,-338.9242,1439.99787,-87701.117,-914007.849
81.538579,-50.480036,106.7704,-339.9096,1453.53453,-87687.6011,-914008.599
81.538584,-50.479192,107.2249,-340.7551,1467.07117,-87674.0853,-914009.349
81.538589,-50.478348,107.6894,-341.5806,1480.60781,-87660.5694,-914010.098
81.538594,-50.477505,108.1571,-342.4129,1494.12842,-87647.0695,-914010.846
81.538598,-50.476661,108.622,-343.238,1507.6611,-87633.564,-914011.703
81.538603,-50.475817,109.0931,-344.0669,1521.19772,-87620.0481,-914012.452
81.538608,-50.474974,109.5576,-344.8924,1534.71831,-87606.5481,-914013.199
81.538613,-50.47413,110.0169,-345.7331,1548.25491,-87593.0323,-914013.947
81.538617,-50.473287,110.4918,-346.5482,1561.77154,-87579.5427,-914014.802
81.538622,-50.472444,110.9568,-347.7632,1575.29211,-87566.0427,-914015.549
81.538627,-50.4716,111.4317,-348.9683,1588.82869,-87552.5268,-914016.297
81.538632,-50.470757,111.9131,-350.1669,1602.34925,-87539.0269,-914017.043
81.538636,-50.469914,112.3817,-351.3783,1615.86585,-87525.5373,-914017.897
81.538641,-50.469071,112.8566,-352.5834,1629.38639,-87512.0373,-914018.643
81.538646,-50.468228,113.3392,-353.7808,1642.90692,-87498.5374,-914019.388
81.538651,-50.467385,113.8065,-354.9935,1656.42745,-87485.0374,-914020.133
81.538655,-50.466543,114.2899,-356.1901,1669.928,-87471.5638,-914020.985
81.53866,-50.4657,114.7664,-357.3936,1683.44851,-87458.0638,-914021.73
81.538665,-50.464857,115.2499,-358.5901,1696.96901,-87444.5638,-914022.475
81.53867,-50.464015,115.736,-363.904,1710.4735,-87431.0798,-914023.218
81.538674,-50.463172,116.2315,-369.2185,1723.99004,-87417.5902,-914024.071
81.538679,-50.46233,116.7173,-374.5327,1737.4945,-87404.1061,-914024.813
81.538684,-50.461488,117.213,-379.837,1750.99896,-87390.6221,-914025.555
81.538689,-50.460645,117.6988,-385.1612,1764.51943,-87377.1221,-914026.299
81.538693,-50.459803,118.5146,-395.1654,1778.01992,-87363.6484,-914027.15
81.538698,-50.458961,119.3225,-405.1775,1791.52436,-87350.1643,-914027.891
81.538703,-50.45812,120.1487,-415.1713,1805.01278,-87336.6962,-914028.631
81.538708,-50.457278,120.9649,-425.1751,1818.5172,-87323.2122,-914029.373
81.538712,-50.456436,121.7845,-435.1755,1832.01766,-87309.7385,-914030.222
81.538717,-50.455594,122.6211,-445.1589,1845.52207,-87296.2544,-914030.963
81.538722,-50.454753,123.4477,-452.4023,1859.01045,-87282.7863,-914031.702
81.538726,-50.453911,124.289,-459.641,1872.51089,-87269.3126,-914032.551
81.538731,-50.45307,125.126,-466.874,1885.99927,-87255.8445,-914033.29
81.538736,-50.452229,125.963,-473.557,1899.48763,-87242.3763,-914034.029
81.538741,-50.451388,126.81,-480.23,1912.97599,-87228.9082,-914034.767
81.538745,-50.450547,127.6471,-486.9129,1926.46038,-87215.4504,-914035.614
81.53875,-50.449706,128.5075,-493.5825,1939.94872,-87201.9823,-914036.352
81.538755,-50.448865,129.3511,-500.2589,1953.43705,-87188.5142,-914037.09
81.538759,-50.448024,130.1957,-506.9343,1966.92142,-87175.0564,-914037.936
81.538764,-50.447183,131.069,-514.451,1980.40974,-87161.5882,-914038.673
81.538769,-50.446343,131.9289,-521.9711,1993.88204,-87148.136,-914039.409
81.538773,-50.445503,132.7879,-529.5021,2007.35037,-87134.6942,-914040.253
81.538778,-50.444662,133.6537,-537.0163,2020.83867,-87121.226,-914040.99
81.538783,-50.443822,134.5028,-544.5572,2034.31095,-87107.7738,-914041.725
81.538787,-50.442982,135.1602,-552.1598,2047.77926,-87094.3319,-914042.568
81.538792,-50.442142,135.7985,-559.7815,2061.25152,-87080.8797,-914043.303
81.538796,-50.441302,136.4468,-569.9432,2074.71981,-87067.4378,-914044.146
81.538801,-50.440462,137.0938,-580.0962,2088.19206,-87053.9856,-914044.88
81.538806,-50.439622,137.7433,-590.2567,2101.6643,-87040.5334,-914045.615
81.53881,-50.438783,138.3915,-600.4185,2115.11656,-87027.1074,-914046.455
81.538815,-50.437943,139.0398,-610.5702,2128.58878,-87013.6552,-914047.189
81.538819,-50.437104,139.698,-618.082,2142.04102,-87000.2292,-914048.03
81.538824,-50.436265,140.3463,-625.6037,2155.49722,-86986.7929,-914048.761
81.538829,-50.435425,140.9908,-633.1192,2168.96943,-86973.3407,-914049.495
81.538833,-50.434586,141.6369,-640.6431,2182.42164,-86959.9147,-914050.335
81.538838,-50.433747,142.3011,-648.1489,2195.87782,-86946.4784,-914051.066
81.538842,-50.432908,142.9543,-653.0257,2209.33003,-86933.0525,-914051.905
81.538847,-50.432069,143.6076,-657.8924,2222.78619,-86919.6162,-914052.636
81.538851,-50.43123,144.25,-662.78,2236.23838,-86906.1902,-914053.475
81.538856,-50.430391,144.9103,-667.6497,2249.69453,-86892.7538,-914054.206
81.53886,-50.429553,145.5557,-672.5343,2263.13069,-86879.3438,-914055.043
81.538865,-50.428714,146.1936,-677.4264,2276.58682,-86865.9075,-914055.773
81.538869,-50.427875,146.8388,-682.3012,2290.03898,-86852.4815,-914056.611
81.538874,-50.427037,147.4971,-687.1729,2303.47909,-86839.0611,-914057.339
81.538878,-50.426199,148.1453,-692.0547,2316.91522,-86825.651,-914058.176
81.538883,-50.42536,148.7936,-696.9364,2330.37132,-86812.2147,-914058.905
81.538887,-50.424522,149.4428,-700.1972,2343.80744,-86798.8046,-914059.741
81.538892,-50.423684,150.0901,-703.4699,2357.24752,-86785.3842,-914060.468
81.538896,-50.422846,150.4184,-706.8716,2370.68362,-86771.9741,-914061.304
81.538901,-50.422008,150.757,-710.273,2384.12368,-86758.5537,-914062.031
81.538905,-50.42117,151.1049,-713.6651,2397.55977,-86745.1436,-914062.866
81.53891,-50.420333,151.4343,-717.0657,2410.98381,-86731.7392,-914063.591
81.538914,-50.419495,151.7814,-720.4586,2424.41988,-86718.3291,-914064.426
81.538919,-50.418658,152.1216,-723.8584,2437.84391,-86704.9246,-914065.15
81.538923,-50.41782,152.4627,-727.2473,2451.27996,-86691.5145,-914065.985
81.538928,-50.416983,152.819,-729.111,2464.70397,-86678.11,-914066.709
81.538932,-50.416145,153.1676,-730.9824,2478.14002,-86664.6999,-914067.543
81.538936,-50.415308,153.5063,-732.8537,2491.56004,-86651.3057,-914068.375
81.538941,-50.414471,153.859,-734.721,2504.98403,-86637.9013,-914069.099
81.538945,-50.413635,154.2181,-736.5719,2518.38802,-86624.523,-914069.93
81.53895,-50.412798,154.5672,-738.4428,2531.81199,-86611.1185,-914070.653
81.538954,-50.411961,154.9263,-740.2937,2545.23198,-86597.7243,-914071.484
81.538958,-50.411124,155.2853,-742.1547,2558.65197,-86584.3301,-914072.316
81.538963,-50.410288,155.6344,-744.0256,2572.05991,-86570.9416,-914073.037
81.538967,-50.409451,155.9935,-745.8765,2585.47988,-86557.5474,-914073.868
81.538971,-50.408615,156.3495,-746.5505,2598.88383,-86544.1691,-914074.697
81.538976,-50.407778,156.719,-747.221,2612.30777,-86530.7646,-914075.419
81.53898,-50.406942,157.0807,-747.8893,2625.7117,-86517.3863,-914076.248
81.538984,-50.406106,157.438,-748.562,2639.11563,-86504.008,-914077.077
81.538989,-50.40527,157.3275,-749.4425,2652.52353,-86490.6195,-914077.797
81.538993,-50.404434,157.217,-750.323,2665.92744,-86477.2412,-914078.625
81.538997,-50.403598,157.1165,-751.1835,2679.33135,-86463.8629,-914079.453
81.539002,-50.402763,156.9961,-752.0739,2692.72322,-86450.4902,-914080.171
81.539006,-50.401927,156.8854,-752.9446,2706.12711,-86437.1119,-914080.998
81.53901,-50.401092,156.7749,-753.8251,2719.51498,-86423.7496,-914081.824
81.539014,-50.400257,156.6634,-754.6966,2732.90285,-86410.3872,-914082.65
81.539019,-50.399421,156.5425,-755.5875,2746.3107,-86396.9986,-914083.369
81.539023,-50.398586,156.4215,-756.4985,2759.69855,-86383.6362,-914084.194
81.539027,-50.397751,156.3006,-757.4094,2773.08639,-86370.2738,-914085.019
81.539031,-50.396916,156.1797,-758.3303,2786.47423,-86356.9114,-914085.844
81.539036,-50.396081,156.0619,-759.2381,2799.86605,-86343.5388,-914086.561
81.53904,-50.395246,155.9479,-760.1421,2813.25387,-86330.1764,-914087.385
81.539044,-50.394412,155.8269,-761.0531,2826.62567,-86316.8299,-914088.208
81.539048,-50.393577,155.706,-761.974,2840.01348,-86303.4675,-914089.032
81.539052,-50.392743,155.5946,-762.8754,2853.38527,-86290.121,-914089.855
81.539056,-50.391908,155.4894,-763.7706,2866.77306,-86276.7586,-914090.679
81.53906,-50.391074,155.3789,-764.6811,2880.14484,-86263.4121,-914091.501
81.539065,-50.39024,155.2683,-764.7517,2893.5206,-86250.0554,-914092.214
81.539069,-50.389406,155.1643,-764.8257,2906.89236,-86236.7089,-914093.036
81.539073,-50.388572,155.081,-764.879,2920.26411,-86223.3624,-914093.857
81.539077,-50.387738,154.9768,-764.9532,2933.63586,-86210.0159,-914094.679
81.539081,-50.386905,154.8817,-765.0183,2946.99158,-86196.6854,-914095.498
81.539085,-50.386071,154.7839,-765.0761,2960.36332,-86183.3389,-914096.319
81.539089,-50.385238,154.6923,-765.1377,2973.71903,-86170.0083,-914097.138
81.539093,-50.384404,154.6026,-765.1974,2987.09075,-86156.6618,-914097.959
81.539097,-50.383571,154.5223,-765.2477,3000.44645,-86143.3312,-914098.778
81.5391,-50.382738,154.443,-765.297,3013.79904,-86130.0108,-914099.705
81.539104,-50.381905,154.3537,-764.1963,3027.15473,-86116.6803,-914100.523
81.539108,-50.381072,154.2744,-763.0856,3040.51041,-86103.3497,-914101.342
81.539112,-50.38024,154.1961,-761.9839,3053.85007,-86090.035,-914102.158
81.539116,-50.379407,154.1259,-760.8641,3067.20574,-86076.7044,-914102.976
81.539119,-50.378575,154.0484,-759.7516,3080.54228,-86063.4,-914103.901
81.539123,-50.377743,153.9818,-758.6382,3093.88192,-86050.0853,-914104.716
81.539127,-50.37691,153.9233,-757.5067,3107.23757,-86036.7547,-914105.534
81.539131,-50.376078,153.8649,-756.3751,3120.5772,-86023.44,-914106.349
81.539134,-50.375247,153.8065,-755.2535,3133.89769,-86010.1515,-914107.272
81.539138,-50.374415,153.7557,-754.1143,3147.23731,-85996.8368,-914108.087
81.539142,-50.373583,153.7081,-751.6519,3160.57693,-85983.5221,-914108.902
81.539145,-50.372752,153.6558,-749.1842,3173.8974,-85970.2336,-914109.824
81.539149,-50.371921,153.598,-746.732,3187.22099,-85956.9348,-914110.637
81.539153,-50.371089,153.5497,-744.2603,3200.56058,-85943.6201,-914111.451
81.539156,-50.370258,153.4935,-741.8065,3213.88104,-85930.3315,-914112.372
81.53916,-50.369428,153.4563,-742.5737,3227.18859,-85917.0487,-914113.183
81.539163,-50.368597,153.4091,-743.3609,3240.50904,-85903.7601,-914114.104
81.539167,-50.367766,153.3648,-744.1452,3253.8326,-85890.4614,-914114.916
81.539171,-50.366935,153.3223,-744.9177,3267.15615,-85877.1626,-914115.728
81.539174,-50.366105,153.2716,-745.7084,3280.46056,-85863.8899,-914116.647
81.539178,-50.365275,153.2203,-746.4997,3293.76808,-85850.6071,-914117.457
81.539181,-50.364445,153.1655,-747.2945,3307.07248,-85837.3344,-914118.375
81.539185,-50.363615,153.0983,-748.2517,3320.37999,-85824.0515,-914119.185
81.539188,-50.362785,153.0294,-749.2206,3333.68438,-85810.7789,-914120.103
81.539192,-50.361955,152.9713,-750.1687,3346.99188,-85797.496,-914120.912
81.539195,-50.361125,152.8929,-751.1371,3360.29626,-85784.2233,-914121.83
81.539199,-50.360295,152.8236,-752.1064,3373.60375,-85770.9404,-914122.639
81.539202,-50.359466,152.7348,-753.0852,3386.89209,-85757.6836,-914123.554
81.539206,-50.358636,152.6542,-754.0658,3400.19957,-85744.4007,-914124.363
81.539209,-50.357807,152.5549,-755.0551,3413.48791,-85731.144,-914125.278
81.539213,-50.356978,152.4682,-756.0318,3426.77936,-85717.877,-914126.085
81.539216,-50.356149,152.3735,-757.0265,3440.06768,-85704.6202,-914127
81.539219,-50.35532,152.2805,-758.0095,3453.356,-85691.3634,-914127.914
81.539223,-50.354491,152.1978,-758.9922,3466.64744,-85678.0964,-914128.72
81.539226,-50.353662,152.0902,-759.9898,3479.93575,-85664.8396,-914129.635
81.539234,-50.351833,152.3089,-760.6711,3509.25744,-85635.5774,-914131.501
81.539237,-50.350996,152.1942,-761.6758,3522.67389,-85622.1929,-914132.427
81.53924,-50.350159,152.0867,-761.9233,3536.09034,-85608.8085,-914133.352
81.539244,-50.349322,151.9605,-762.1895,3549.50987,-85595.4138,-914134.169
81.539247,-50.348485,151.8517,-762.4483,3562.9263,-85582.0293,-914135.094
81.539251,-50.347649,151.7244,-762.7156,3576.3298,-85568.6506,-914135.909
81.539254,-50.346812,151.596,-762.984,3589.74622,-85555.2661,-914136.834
81.539257,-50.345976,151.4575,-763.2625,3603.14662,-85541.8975,-914137.757
81.53926,-50.345139,151.3276,-763.5324,3616.56303,-85528.513,-914138.681
81.539264,-50.344303,151.1885,-763.8215,3629.96652,-85515.1342,-914139.495
81.539267,-50.343466,151.0394,-764.1106,3643.38292,-85501.7497,-914140.419
81.53927,-50.34263,150.8974,-764.3926,3656.78329,-85488.3811,-914141.341
81.539273,-50.341794,150.7378,-764.6922,3670.18366,-85475.0125,-914142.263
81.539277,-50.340958,150.5843,-764.9857,3683.58713,-85461.6337,-914143.077
81.53928,-50.340122,150.4186,-765.2914,3696.98749,-85448.2651,-914143.998
81.539283,-50.339286,150.269,-765.591,3710.38784,-85434.8964,-914144.92
81.539286,-50.33845,150.0984,-765.9016,3723.78819,-85421.5278,-914145.841
81.539289,-50.337615,149.9278,-766.2122,3737.17252,-85408.1751,-914146.76
81.539292,-50.336779,149.7602,-766.5198,3750.57286,-85394.8064,-914147.681
81.539295,-50.335943,149.5965,-766.8235,3763.9732,-85381.4377,-914148.602
81.539298,-50.335107,149.4258,-767.1442,3777.37353,-85368.069,-914149.522
81.539301,-50.334272,149.2291,-767.2509,3790.75783,-85354.7163,-914150.441
81.539304,-50.333436,149.046,-767.344,3804.15816,-85341.3476,-914151.361
81.539307,-50.332601,148.8548,-767.4452,3817.54245,-85327.9949,-914152.279
81.539309,-50.331766,148.6736,-767.5464,3830.92453,-85314.6522,-914153.306
81.539312,-50.33093,148.4824,-767.6476,3844.32484,-85301.2835,-914154.225
81.539315,-50.330095,148.4419,-767.6781,3857.70913,-85287.9307,-914155.143
81.539317,-50.32926,148.4125,-767.6975,3871.09119,-85274.588,-914156.169
81.539319,-50.328425,148.3889,-767.7211,3884.47326,-85261.2453,-914157.195
81.539322,-50.327589,148.3478,-767.7522,3897.87355,-85247.8766,-914158.114
81.539324,-50.326754,148.3066,-767.7834,3911.2556,-85234.5339,-914159.139
81.539326,-50.325919,148.2554,-767.8346,3924.63766,-85221.1911,-914160.164
81.539328,-50.325084,148.2067,-767.8733,3938.0197,-85207.8484,-914161.189
81.53933,-50.324249,148.1531,-767.9169,3951.40175,-85194.5057,-914162.214
81.539332,-50.323415,148.1023,-767.9677,3964.76777,-85181.1788,-914163.237
81.539333,-50.32258,148.0454,-767.8946,3978.14848,-85167.8462,-914164.37
81.539335,-50.321745,147.9762,-767.8438,3991.53052,-85154.5034,-914165.394
81.539336,-50.32091,147.9057,-767.7843,4004.91122,-85141.1707,-914166.527
81.539338,-50.320076,147.8435,-767.7265,4018.27723,-85127.8438,-914167.549
81.539339,-50.319241,147.7564,-767.6836,4031.65793,-85114.5111,-914168.681
81.53934,-50.318406,147.6811,-767.6389,4045.03863,-85101.1784,-914169.813
81.539341,-50.317572,147.6084,-767.5816,4058.40331,-85087.8616,-914170.943
81.539342,-50.316737,147.5357,-767.5343,4071.784,-85074.5288,-914172.075
81.539343,-50.315902,147.4439,-767.4961,4085.1647,-85061.196,-914173.206
81.539343,-50.315068,147.3501,-767.4699,4098.52893,-85047.8893,-914174.444
81.539344,-50.314233,147.2459,-767.4441,4111.90962,-85034.5565,-914175.575
81.539344,-50.313399,147.1316,-767.4384,4125.27384,-85021.2497,-914176.813
81.539344,-50.312564,147.0257,-767.4243,4138.65409,-85007.9269,-914178.052
81.539344,-50.31173,146.9109,-767.4091,4152.01832,-84994.6201,-914179.289
81.539344,-50.310895,146.7935,-767.4065,4165.39857,-84981.2973,-914180.528
81.539344,-50.310061,146.6682,-767.4018,4178.76279,-84967.9904,-914181.765
81.539344,-50.309226,146.5429,-767.4071,4192.14304,-84954.6676,-914183.003
81.539344,-50.308392,146.4092,-767.4108,4205.50727,-84941.3607,-914184.239
81.539343,-50.307558,146.2675,-767.4325,4218.87193,-84928.0638,-914185.584
81.539343,-50.306723,146.1165,-767.4535,4232.25219,-84914.7409,-914186.822
81.539342,-50.305889,145.9644,-767.4856,4245.61686,-84901.4441,-914188.166
81.539341,-50.305054,145.8137,-767.5063,4258.99755,-84888.1312,-914189.512
81.53934,-50.30422,145.6606,-767.5394,4272.36223,-84874.8343,-914190.856
81.539339,-50.303386,145.5037,-767.5663,4285.7269,-84861.5373,-914192.199
81.539338,-50.302551,145.339,-767.611,4299.1076,-84848.2244,-914193.544
81.539336,-50.301717,145.1633,-767.6567,4312.47361,-84834.9375,-914194.996
81.539335,-50.300883,144.9842,-767.7158,4325.8383,-84821.6405,-914196.339
81.539333,-50.300049,144.8075,-767.7625,4339.20431,-84808.3535,-914197.791
81.539332,-50.299214,144.6295,-767.8205,4352.58502,-84795.0405,-914199.135
81.53933,-50.29838,144.4412,-767.8888,4365.95104,-84781.7535,-914200.586
81.539328,-50.297546,144.2528,-767.9472,4379.31706,-84768.4664,-914202.037
81.539326,-50.296711,144.0629,-768.0171,4392.69911,-84755.1634,-914203.489
81.539324,-50.295877,143.8639,-768.0861,4406.06514,-84741.8763,-914204.94
81.539321,-50.295043,143.6674,-768.1626,4419.43339,-84728.5992,-914206.498
81.539319,-50.294208,143.463,-768.237,4432.81545,-84715.2961,-914207.95
81.539316,-50.293374,143.257,-768.323,4446.18371,-84702.019,-914209.508
81.539314,-50.29254,143.054,-768.396,4459.54976,-84688.7318,-914210.958
81.539311,-50.291705,142.84,-768.49,4472.93404,-84675.4387,-914212.517
81.539308,-50.290871,142.6251,-768.5749,4486.30232,-84662.1615,-914214.075
81.539305,-50.290037,142.4156,-768.6644,4499.67059,-84648.8842,-914215.633
81.539302,-50.289202,142.2061,-768.7439,4513.05489,-84635.591,-914217.192
81.539299,-50.288368,141.98,-768.85,4526.42318,-84622.3137,-914218.749
81.539295,-50.287534,141.7672,-768.9328,4539.79458,-84609.0464,-914220.414
81.539292,-50.286699,141.55,-769.03,4553.17889,-84595.7531,-914221.972
81.539288,-50.285865,141.3382,-769.1118,4566.5503,-84582.4858,-914223.637
81.539284,-50.28503,141.1113,-769.2187,4579.93773,-84569.2025,-914225.304
81.53928,-50.284196,140.8808,-769.3292,4593.30915,-84555.9351,-914226.968
81.539276,-50.283362,140.6405,-769.4395,4606.68057,-84542.6677,-914228.633
81.539272,-50.282527,140.4095,-769.5505,4620.06802,-84529.3842,-914230.298
81.539268,-50.281693,140.1584,-769.6716,4633.43946,-84516.1168,-914231.962
81.539264,-50.280859,139.9161,-769.7939,4646.81091,-84502.8492,-914233.626
81.539259,-50.280024,139.6663,-769.9137,4660.20236,-84489.5757,-914235.4
81.539255,-50.27919,139.4182,-770.0418,4673.57382,-84476.3082,-914237.063
81.53925,-50.278355,139.1514,-770.1786,4686.96529,-84463.0346,-914238.837
81.539245,-50.277521,138.893,-770.317,4700.34075,-84449.777,-914240.608
81.53924,-50.276686,138.6204,-770.4596,4713.73224,-84436.5034,-914242.381
81.539235,-50.275852,138.3334,-770.6266,4727.10772,-84423.2457,-914244.152
81.53923,-50.275017,138.0454,-770.7846,4740.49922,-84409.972,-914245.924
81.539225,-50.274182,137.7517,-770.9583,4753.89072,-84396.6982,-914247.697
81.53922,-50.273348,137.4461,-771.1339,4767.26623,-84383.4405,-914249.467
81.539214,-50.272513,137.1379,-771.3221,4780.66262,-84370.1767,-914251.348
81.539208,-50.271679,136.8338,-771.4962,4794.04302,-84356.9288,-914253.226
81.539203,-50.270844,136.5221,-771.6879,4807.43456,-84343.6549,-914254.998
81.539197,-50.270009,136.3493,-771.8207,4820.83098,-84330.3911,-914256.877
81.539191,-50.269174,136.1556,-771.9744,4834.22741,-84317.1271,-914258.757
81.539185,-50.268339,135.9698,-772.1202,4847.62385,-84303.8632,-914260.636
81.539179,-50.267505,135.7745,-772.2755,4861.0043,-84290.6151,-914262.514
81.539173,-50.26667,135.5781,-772.4319,4874.40075,-84277.3511,-914264.393
81.539166,-50.265835,135.372,-772.598,4887.80298,-84264.097,-914266.38
81.53916,-50.265,135.1646,-772.7654,4901.19945,-84250.8329,-914268.258
81.539154,-50.264164,134.9596,-772.9304,4914.61195,-84237.5528,-914270.138
81.539147,-50.263329,134.7633,-773.0867,4928.0142,-84224.2986,-914272.125
81.53914,-50.262494,134.5644,-773.2456,4941.41646,-84211.0443,-914274.111
81.539133,-50.261659,134.3576,-773.4024,4954.81874,-84197.7901,-914276.097
81.539126,-50.260824,134.1584,-773.5616,4968.22102,-84184.5357,-914278.083
81.539119,-50.259988,133.9584,-773.7216,4981.63932,-84171.2654,-914280.071
81.539112,-50.259153,133.7718,-773.8682,4995.04162,-84158.011,-914282.056
81.539105,-50.258318,133.5966,-774.0034,5008.44394,-84144.7566,-914284.042
81.539097,-50.257482,133.4214,-774.1386,5021.8689,-84131.4961,-914286.137
81.53909,-50.256647,133.2462,-774.2738,5035.27124,-84118.2416,-914288.122
81.539082,-50.255812,133.0748,-774.4052,5048.68023,-84104.997,-914290.215
81.539075,-50.254976,132.9207,-774.5193,5062.09859,-84091.7265,-914292.202
81.539067,-50.254141,132.7586,-774.6414,5075.5076,-84078.4818,-914294.294
81.539059,-50.253305,132.5939,-774.7661,5088.93262,-84065.2211,-914296.389
81.539051,-50.25247,132.4292,-774.8908,5102.34165,-84051.9764,-914298.481
81.539042,-50.251635,132.274,-775.006,5115.75822,-84038.7415,-914300.682
81.539034,-50.250799,132.11,-775.13,5129.18327,-84025.4807,-914302.776
81.539026,-50.249964,131.9657,-775.2343,5142.59235,-84012.2359,-914304.868
81.539017,-50.249128,131.8105,-775.3495,5156.02494,-83998.9849,-914307.069
81.539008,-50.248293,131.649,-775.471,5169.44156,-83985.7499,-914309.269
81.539,-50.247457,131.5033,-775.5767,5182.86667,-83972.4889,-914311.362
81.538991,-50.246622,131.3465,-775.5735,5196.28331,-83959.2538,-914313.562
81.538982,-50.245786,131.175,-775.585,5209.71596,-83946.0027,-914315.763
81.538973,-50.244951,131.0208,-775.5792,5223.13263,-83932.7675,-914317.962
81.538963,-50.244115,130.8666,-775.5734,5236.57369,-83919.5263,-914320.271
81.538954,-50.24328,130.7078,-775.5822,5249.99039,-83906.291,-914322.47
81.538945,-50.242444,130.5431,-775.5869,5263.42309,-83893.0397,-914324.67
81.538935,-50.241608,130.3684,-775.6016,5276.86419,-83879.7983,-914326.978
81.538926,-50.240773,130.2038,-775.6062,5290.28094,-83866.5629,-914329.177
81.538916,-50.239937,130.0323,-775.6177,5303.72207,-83853.3214,-914331.485
81.538906,-50.239102,129.8644,-775.6256,5317.14725,-83840.0958,-914333.791
81.538896,-50.238266,129.6919,-775.6481,5330.58841,-83826.8542,-914336.099
81.538886,-50.23743,129.5167,-775.6633,5344.02959,-83813.6126,-914338.406
81.538876,-50.236595,129.3404,-775.6796,5357.45481,-83800.3868,-914340.712
81.538866,-50.235759,129.1664,-775.6936,5370.89602,-83787.1451,-914343.019
81.538856,-50.234923,129.001,-774.169,5384.33724,-83773.9033,-914345.326
81.538845,-50.234087,128.836,-772.644,5397.78774,-83760.6714,-914347.741
81.538835,-50.233251,128.6626,-771.1274,5411.229,-83747.4295,-914350.047
81.538824,-50.232416,128.497,-769.603,5424.66358,-83734.2135,-914352.461
81.538814,-50.23158,128.3343,-768.0757,5438.10487,-83720.9715,-914354.767
81.538803,-50.230744,128.1826,-766.5374,5451.55544,-83707.7394,-914357.181
81.538792,-50.229908,128.036,-764.994,5465.00602,-83694.5072,-914359.595
81.538781,-50.229073,127.8854,-763.4546,5478.44067,-83681.2909,-914362.008
81.53877,-50.228237,127.7458,-761.9042,5491.89129,-83668.0587,-914364.421
81.538759,-50.227401,127.5981,-762.1619,5505.34193,-83654.8264,-914366.835
81.538747,-50.226565,127.4544,-762.4156,5518.80272,-83641.6039,-914369.357
81.538736,-50.22573,127.3108,-762.6692,5532.23743,-83628.3874,-914371.768
81.538724,-50.224894,127.1733,-762.9167,5545.69826,-83615.1649,-914374.29
81.538713,-50.224058,127.0335,-763.1665,5559.14897,-83601.9323,-914376.703
81.538701,-50.223223,126.8971,-763.4129,5572.59388,-83588.7256,-914379.222
81.538689,-50.222387,126.7539,-763.6661,5586.05477,-83575.5029,-914381.743
81.538677,-50.221552,126.6044,-763.9256,5599.49972,-83562.2961,-914384.262
81.538665,-50.220716,126.459,-764.181,5612.96064,-83549.0732,-914386.783
81.538653,-50.21988,126.3061,-764.4439,5626.42158,-83535.8503,-914389.303
81.53864,-50.219045,126.1617,-764.6983,5639.87761,-83522.6532,-914391.93
81.538628,-50.218209,126.0181,-766.4519,5653.33859,-83509.4302,-914394.45
81.538616,-50.217374,125.8744,-768.1956,5666.78364,-83496.2231,-914396.969
81.538603,-50.216538,125.7295,-769.9505,5680.25567,-83483.0099,-914399.596
81.53859,-50.215703,125.5753,-771.7147,5693.71177,-83469.8126,-914402.223
81.538577,-50.214867,125.4235,-773.4765,5707.18384,-83456.5992,-914404.85
81.538564,-50.214032,125.277,-775.233,5720.63999,-83443.4018,-914407.476
81.538551,-50.213196,125.1095,-777.0105,5734.1121,-83430.1883,-914410.104
81.538538,-50.212361,124.9448,-778.7852,5747.56829,-83416.9908,-914412.729
81.538525,-50.211526,124.7801,-778.9099,5761.0245,-83403.7932,-914415.355
81.538511,-50.21069,124.6155,-779.0345,5774.50855,-83390.5894,-914418.09
81.538498,-50.209855,124.4508,-779.1592,5787.96481,-83377.3917,-914420.715
81.538484,-50.20902,124.2761,-779.2939,5801.43297,-83364.2038,-914423.448
81.53847,-50.208184,124.1749,-779.3951,5814.91709,-83350.9999,-914426.182
81.538456,-50.207349,124.0697,-779.5003,5828.3853,-83337.8118,-914428.915
81.538442,-50.206514,123.9645,-779.6055,5841.85353,-83324.6237,-914431.648
81.538428,-50.205678,123.8674,-779.7026,5855.33771,-83311.4196,-914434.382
81.538414,-50.204843,123.7641,-779.8059,5868.80599,-83298.2314,-914437.114
81.5384,-50.204008,123.6681,-779.9019,5882.27429,-83285.0431,-914439.846
81.538386,-50.203173,123.5638,-780.0062,5895.74261,-83271.8548,-914442.578
81.538371,-50.202338,123.4587,-780.1113,5909.22372,-83258.6763,-914445.418
81.538357,-50.201502,123.364,-780.206,5922.70801,-83245.4718,-914448.151
81.538342,-50.200667,123.2682,-779.7518,5936.18916,-83232.2932,-914450.991
81.538327,-50.199832,123.163,-779.307,5949.67033,-83219.1145,-914453.831
81.538312,-50.198997,123.06,-778.86,5963.15153,-83205.9357,-914456.67
81.538297,-50.198162,122.9653,-778.4047,5976.63276,-83192.7568,-914459.509
81.538282,-50.197327,122.8707,-777.9493,5990.114,-83179.5779,-914462.349
81.538267,-50.196492,122.776,-777.494,6003.59527,-83166.3989,-914465.187
81.538251,-50.195657,122.6813,-777.0387,6017.09019,-83153.2297,-914468.134
81.538236,-50.194823,122.5866,-776.5834,6030.5556,-83140.0666,-914470.972
81.53822,-50.193988,122.4973,-776.1227,6044.05057,-83126.8973,-914473.918
81.538204,-50.193154,122.4131,-775.6569,6057.52968,-83113.7438,-914476.863
81.538188,-50.192319,122.3226,-775.1974,6071.0247,-83100.5744,-914479.81
81.538172,-50.191485,122.2348,-774.7352,6084.50385,-83087.4208,-914482.754
81.538156,-50.190651,122.1581,-774.2619,6097.98303,-83074.2672,-914485.699
81.538139,-50.189816,122.0924,-773.7776,6111.49262,-83061.1074,-914488.753
81.538123,-50.188982,122.0208,-773.2992,6124.97185,-83047.9536,-914491.697
81.538106,-50.188148,121.9562,-772.8138,6138.46561,-83034.8096,-914494.75
81.538089,-50.187314,121.9025,-772.3175,6151.9594,-83021.6656,-914497.802
81.538072,-50.186481,121.8499,-771.8201,6165.43734,-83008.5374,-914500.852
81.538055,-50.185647,121.7973,-772.8627,6178.93119,-82995.3932,-914503.904
81.538038,-50.184814,121.7458,-773.9042,6192.40918,-82982.2649,-914506.955
81.538021,-50.18398,121.7053,-774.9347,6205.90308,-82969.1205,-914510.006
81.538003,-50.183147,121.6716,-775.9584,6219.39652,-82956.0019,-914513.164
81.537986,-50.182314,121.6296,-776.9904,6232.8746,-82942.8734,-914516.214
81.537968,-50.181481,121.5906,-778.0194,6246.36809,-82929.7546,-914519.372
81.53795,-50.180648,121.5591,-779.0409,6259.86161,-82916.6358,-914522.53
81.537932,-50.179815,121.5317,-780.0583,6273.35516,-82903.5168,-914525.687
81.537914,-50.178982,121.5012,-781.0788,6286.84874,-82890.3979,-914528.844
81.537896,-50.17815,121.4644,-782.1056,6300.32649,-82877.2948,-914532
81.537877,-50.177317,121.4328,-783.1272,6313.83638,-82864.1854,-914535.265
81.537859,-50.176485,121.4138,-784.1362,6327.31418,-82851.0822,-914538.421
81.53784,-50.175652,121.3829,-785.1571,6340.82412,-82837.9727,-914541.686
81.537821,-50.17482,121.3481,-786.1819,6354.31826,-82824.8791,-914544.949
81.537803,-50.173988,121.3088,-787.2112,6367.79615,-82811.7757,-914548.104
81.537784,-50.173156,121.2833,-787.7867,6381.29034,-82798.6819,-914551.367
81.537765,-50.172324,121.2446,-788.3754,6394.78456,-82785.5881,-914554.63
81.537746,-50.171492,121.2213,-788.9487,6408.27881,-82772.4942,-914557.893
81.537726,-50.17066,121.1904,-789.5296,6421.79022,-82759.4101,-914561.263
81.537707,-50.169829,121.1588,-790.1112,6435.26869,-82746.332,-914564.524
81.537688,-50.168997,121.1272,-790.6828,6448.76304,-82733.2379,-914567.786
81.537668,-50.168165,121.0986,-791.2614,6462.27453,-82720.1535,-914571.157
81.537649,-50.167334,121.0841,-791.8259,6475.7531,-82707.0752,-914574.417
81.537629,-50.166502,121.0526,-792.4074,6489.26465,-82693.9906,-914577.787
81.537609,-50.165671,121.024,-792.766,6502.76043,-82680.922,-914581.155
81.53759,-50.164839,120.9959,-793.1241,6516.25492,-82667.8275,-914584.417
81.53757,-50.164008,120.9619,-793.4881,6529.75075,-82654.7586,-914587.784
81.53755,-50.163177,120.9363,-793.8437,6543.24662,-82641.6897,-914591.152
81.53753,-50.162345,120.9048,-794.2052,6556.75833,-82628.6048,-914594.521
81.53751,-50.161514,120.8676,-794.5724,6570.25425,-82615.5357,-914597.889
81.53749,-50.160683,120.8316,-794.9384,6583.75021,-82602.4666,-914601.256
81.53747,-50.159852,120.7935,-795.3065,6597.2462,-82589.3973,-914604.623
81.537449,-50.159021,120.7585,-795.6715,6610.76022,-82576.3378,-914608.098
81.537429,-50.15819,120.727,-796.033,6624.25627,-82563.2684,-914611.465
81.537409,-50.157359,120.6954,-796.0646,6637.75235,-82550.199,-914614.831
81.537388,-50.156529,120.6726,-796.0874,6651.25067,-82537.1552,-914618.305
81.537368,-50.155698,120.6423,-796.1177,6664.74682,-82524.0855,-914621.671
81.537348,-50.154867,120.6205,-796.1395,6678.243,-82511.0158,-914625.037
81.537327,-50.154036,120.5892,-796.1708,6691.75721,-82497.9558,-914628.511
81.537306,-50.153206,120.5584,-796.2016,6705.25565,-82484.9117,-914631.984
81.537286,-50.152375,120.5374,-796.2226,6718.75193,-82471.8417,-914635.349
81.537265,-50.151545,120.5163,-796.2437,6732.25044,-82458.7974,-914638.821
81.537244,-50.150714,120.4953,-796.2647,6745.76478,-82445.7371,-914642.295
81.537224,-50.149884,120.4771,-796.2829,6759.24533,-82432.6829,-914645.658
81.537203,-50.149054,120.4632,-796.2968,6772.74394,-82419.6383,-914649.13
81.537182,-50.148223,120.4461,-796.3139,6786.25837,-82406.5777,-914652.603
81.537161,-50.147393,120.4356,-796.3244,6799.75705,-82393.533,-914656.074
81.53714,-50.146563,120.4201,-796.3399,6813.25575,-82380.4882,-914659.545
81.537119,-50.145733,120.41,-796.35,6826.75449,-82367.4433,-914663.016
81.537098,-50.144903,120.404,-796.446,6840.25326,-82354.3984,-914666.486
81.537077,-50.144073,120.4,-796.54,6853.75206,-82341.3533,-914669.957
81.537056,-50.143243,120.3859,-796.6341,6867.2509,-82328.3082,-914673.427
81.537034,-50.142413,120.3725,-796.7375,6880.76864,-82315.2728,-914677.006
81.537013,-50.141583,120.37,-796.83,6894.26754,-82302.2275,-914680.476
81.536992,-50.140754,120.37,-796.91,6907.75068,-82289.1981,-914683.944
81.536971,-50.139924,120.3609,-797.0091,6921.24965,-82276.1526,-914687.414
81.536949,-50.139094,120.3504,-797.1096,6934.76752,-82263.1168,-914690.992
81.536928,-50.138265,120.32,-797.22,6948.25076,-82250.0871,-914694.46
81.536906,-50.137435,120.3193,-797.3107,6961.7687,-82237.0512,-914698.037
81.536884,-50.136606,120.3088,-797.4112,6975.2709,-82224.0311,-914701.613
81.536863,-50.135777,120.2966,-797.5134,6988.75424,-82211.0012,-914705.08
81.536841,-50.134947,120.2778,-797.6122,7002.27228,-82197.965,-914708.657
81.536819,-50.134118,120.2673,-797.7127,7015.77458,-82184.9446,-914712.232
81.536797,-50.133289,120.2535,-797.8165,7029.27692,-82171.9242,-914715.808
81.536775,-50.13246,120.2324,-797.9176,7042.77929,-82158.9037,-914719.382
81.536753,-50.131631,120.2114,-798.0286,7056.28169,-82145.8831,-914722.957
81.536731,-50.130802,120.1904,-798.1396,7069.78413,-82132.8624,-914726.532
81.536709,-50.129973,120.1747,-798.2353,7083.2866,-82119.8416,-914730.106
81.536686,-50.129145,120.1583,-798.0417,7096.7931,-82106.8465,-914733.787
81.536664,-50.128316,120.1309,-797.8491,7110.29565,-82093.8255,-914737.361
81.536641,-50.127488,120.0993,-797.6707,7123.80222,-82080.8302,-914741.042
81.536619,-50.126659,120.0752,-797.4748,7137.30483,-82067.8091,-914744.616
81.536596,-50.125831,120.0541,-797.2859,7150.81147,-82054.8136,-914748.296
81.536573,-50.125003,120.0246,-797.0954,7164.31815,-82041.818,-914751.977
81.53655,-50.124175,120.0021,-796.9079,7177.82486,-82028.8223,-914755.657
81.536527,-50.123347,119.9715,-796.7185,7191.3316,-82015.8265,-914759.337
81.536504,-50.12252,120.08,-796.46,7204.82264,-82002.8466,-914763.015
81.536481,-50.121692,120.1789,-796.2211,7218.32945,-81989.8506,-914766.695
81.536458,-50.120864,120.2758,-795.9742,7231.83631,-81976.8546,-914770.374
81.536434,-50.120037,120.3569,-795.7431,7245.34809,-81963.8842,-914774.16
81.536411,-50.11921,120.4558,-795.5042,7258.83926,-81950.9039,-914777.838
81.536387,-50.118382,120.5548,-795.2552,7272.36684,-81937.9173,-914781.625
81.536364,-50.117555,120.6506,-795.0094,7285.85809,-81924.9369,-914785.302
81.53634,-50.116728,120.7427,-794.7673,7299.37002,-81911.966,-914789.088
81.536316,-50.115901,120.8417,-794.5283,7312.88198,-81898.9951,-914792.873
81.536292,-50.115075,120.9453,-794.2747,7326.37825,-81886.0401,-914796.657
81.536267,-50.114248,121.0444,-794.0256,7339.91177,-81873.0787,-914800.55
81.536243,-50.113422,121.1443,-793.7857,7353.40812,-81860.1235,-914804.334
81.536219,-50.112596,121.2413,-793.5387,7366.9045,-81847.1682,-914808.117
81.536194,-50.11177,121.3465,-793.2835,7380.42243,-81834.2225,-914812.008
81.536169,-50.110944,121.4381,-793.0419,7393.9404,-81821.2767,-914815.9
81.536145,-50.110118,121.5344,-792.7056,7407.4369,-81808.3211,-914819.682
81.53612,-50.109293,121.6167,-792.3733,7420.93924,-81795.3911,-914823.572
81.536094,-50.108467,121.7123,-792.0277,7434.47968,-81782.4547,-914827.571
81.536069,-50.107642,121.8019,-791.6881,7447.9821,-81769.5245,-914831.46
81.536044,-50.106817,121.8903,-791.3497,7461.48456,-81756.5942,-914835.349
81.536018,-50.105992,121.9688,-791.0212,7475.00944,-81743.6735,-914839.346
81.535993,-50.105168,122.0563,-790.6837,7488.49627,-81730.7589,-914843.233
81.535967,-50.104343,122.1357,-790.3543,7502.02123,-81717.838,-914847.23
81.535941,-50.103519,122.2222,-790.0178,7515.53055,-81704.933,-914851.225
81.535915,-50.102695,122.3001,-789.6899,7529.03991,-81692.0278,-914855.22
81.535889,-50.101871,122.378,-789.362,7542.5493,-81679.1226,-914859.215
81.535862,-50.101047,122.4489,-789.0411,7556.08198,-81666.227,-914863.318
81.535836,-50.100223,122.5158,-788.7342,7569.59146,-81653.3215,-914867.313
81.535809,-50.0994,122.5772,-788.4228,7583.10858,-81640.4417,-914871.414
81.535783,-50.098576,122.6395,-788.1105,7596.61814,-81627.536,-914875.408
81.535756,-50.097753,122.6852,-787.8148,7610.13534,-81614.656,-914879.509
81.535729,-50.09693,122.7211,-787.5289,7623.65257,-81601.7758,-914883.61
81.535702,-50.096107,122.7569,-787.2431,7637.16985,-81588.8955,-914887.711
81.535675,-50.095285,122.7784,-786.9716,7650.67152,-81576.0311,-914891.81
81.535647,-50.094462,122.7932,-786.7068,7664.21299,-81563.1603,-914896.018
81.53562,-50.093639,122.8081,-786.4419,7677.73039,-81550.2797,-914900.118
81.535592,-50.092817,122.8229,-786.1771,7691.25632,-81537.4246,-914904.325
81.535564,-50.091995,122.8192,-785.9308,7704.78229,-81524.5695,-914908.532
81.535536,-50.091173,122.8032,-785.6968,7718.30831,-81511.7142,-914912.739
81.535508,-50.090351,122.7865,-785.4735,7731.83436,-81498.8588,-914916.945
81.53548,-50.089529,122.7689,-785.2411,7745.36046,-81486.0034,-914921.151
81.535452,-50.088707,122.7516,-784.9584,7758.88661,-81473.1478,-914925.357
81.535423,-50.087886,122.7244,-784.6856,7772.42217,-81460.3177,-914929.67
81.535395,-50.087064,122.6971,-784.4129,7785.94839,-81447.462,-914933.876
81.535366,-50.086243,122.8827,-784.0473,7799.48404,-81434.6317,-914938.189
81.535337,-50.085422,123.0725,-783.6775,7813.01973,-81421.8013,-914942.501
81.535308,-50.084601,123.2553,-783.3147,7826.55546,-81408.9709,-914946.813
81.535279,-50.08378,123.4336,-782.9564,7840.09124,-81396.1403,-914951.125
81.535249,-50.082959,123.6257,-782.5843,7853.65288,-81383.3192,-914955.545
81.53522,-50.082139,123.808,-782.222,7867.17316,-81370.5044,-914959.856
81.535191,-50.081318,123.9802,-781.8698,7880.70907,-81357.6735,-914964.167
81.535161,-50.080498,124.1524,-781.5176,7894.25529,-81344.8681,-914968.585
81.535131,-50.079678,124.3246,-781.1654,7907.80155,-81332.0626,-914973.004
81.535101,-50.078857,124.4993,-780.8207,7921.36342,-81319.241,-914977.423
81.535071,-50.078037,124.669,-780.471,7934.90977,-81306.4353,-914981.841
81.535041,-50.077217,124.8241,-780.1359,7948.45617,-81293.6294,-914986.258
81.535011,-50.076397,124.9843,-779.7957,7962.00261,-81280.8235,-914990.676
81.534981,-50.075577,125.1268,-779.4732,7975.5491,-81268.0174,-914995.093
81.53495,-50.074757,125.2776,-779.1424,7989.12231,-81255.2209,-914999.619
81.53492,-50.073938,125.4274,-778.6226,8002.65333,-81242.4306,-915004.034
81.534889,-50.073118,125.5587,-778.1313,8016.22663,-81229.6338,-915008.559
81.534859,-50.072298,125.6994,-777.6306,8029.77331,-81216.8273,-915012.976
81.534828,-50.071479,125.8378,-777.1322,8043.33117,-81204.0463,-915017.499
81.534797,-50.070659,125.9779,-776.6221,8056.90461,-81191.2492,-915022.024
81.534766,-50.06984,126.1048,-776.1352,8070.46257,-81178.468,-915026.547
81.534735,-50.06902,126.2282,-775.6518,8084.0361,-81165.6706,-915031.071
81.534704,-50.068201,126.354,-775.166,8097.59415,-81152.8892,-915035.594
81.534672,-50.067382,126.4785,-774.6715,8111.17977,-81140.1172,-915040.225
81.534641,-50.066562,126.6133,-774.1767,8124.75345,-81127.3196,-915044.749
81.53461,-50.065743,126.727,-773.703,8138.31164,-81114.5378,-915049.271
81.534578,-50.064924,126.8361,-773.2239,8151.8974,-81101.7655,-915053.901
81.534547,-50.064105,126.9452,-772.7548,8165.45569,-81088.9834,-915058.423
81.534515,-50.063286,127.0843,-772.2657,8179.04155,-81076.2109,-915063.053
81.534483,-50.062467,127.1975,-771.8025,8192.62746,-81063.4382,-915067.683
81.534451,-50.061648,127.3071,-771.3429,8206.21341,-81050.6655,-915072.313
81.534419,-50.060829,127.3957,-770.9043,8219.79941,-81037.8926,-915076.943
81.534387,-50.060009,127.4827,-770.4673,8233.40096,-81025.1036,-915081.573
81.534355,-50.05919,127.5596,-770.0404,8246.98706,-81012.3305,-915086.203
81.534323,-50.058371,127.6251,-769.6249,8260.57321,-80999.5573,-915090.832
81.534291,-50.057552,127.6895,-769.2105,8274.1594,-80986.7839,-915095.461
81.534259,-50.056733,127.7344,-768.9056,8287.74565,-80974.0105,-915100.089
81.534226,-50.055914,127.7773,-768.5927,8301.36028,-80961.2465,-915104.826
81.534194,-50.055095,127.8191,-768.2909,8314.94662,-80948.4728,-915109.455
81.534161,-50.054276,127.843,-768.007,8328.56135,-80935.7086,-915114.191
81.534129,-50.053457,127.8696,-767.7204,8342.14779,-80922.9347,-915118.819
81.534096,-50.052637,127.8724,-767.4576,8355.77808,-80910.1542,-915123.557
81.534023,-50.05082,127.4622,-767.5978,8385.97745,-80881.8331,-915134.041
81.533991,-50.050018,127.4822,-767.3178,8399.30082,-80869.3302,-915138.644
81.533959,-50.049216,127.4842,-767.0558,8412.62423,-80856.8272,-915143.247
81.533926,-50.048413,127.5024,-766.7776,8425.99202,-80844.3177,-915147.96
81.533894,-50.047611,127.5037,-766.5063,8439.31553,-80831.8145,-915152.563
81.533862,-50.046809,127.5315,-766.2185,8452.63909,-80819.3111,-915157.165
81.533829,-50.046007,127.5426,-765.9474,8465.99158,-80806.8172,-915161.876
81.533796,-50.045205,127.5334,-765.6966,8479.34413,-80794.3232,-915166.587
81.533763,-50.044402,127.5527,-765.4073,8492.71216,-80781.8131,-915171.299
81.53373,-50.0436,127.5628,-765.1372,8506.06481,-80769.3189,-915176.009
81.533698,-50.042798,127.5834,-764.8566,8519.3886,-80756.815,-915180.611
81.533665,-50.041996,127.6029,-764.5771,8532.74134,-80744.3205,-915185.321
81.533631,-50.041194,127.613,-764.297,8546.12384,-80731.8355,-915190.139
81.533598,-50.040391,127.6345,-764.0155,8559.49212,-80719.3249,-915194.85
81.533565,-50.039589,127.6566,-763.7334,8572.84501,-80706.8301,-915199.56
81.533532,-50.038787,127.6952,-763.4348,8586.19794,-80694.3351,-915204.269
81.533498,-50.037985,127.4179,-763.2821,8599.58064,-80681.8497,-915209.087
81.533464,-50.037182,127.1512,-763.1088,8612.9788,-80669.3481,-915213.905
81.533431,-50.03638,126.8992,-762.9308,8626.33188,-80656.8528,-915218.614
81.533397,-50.035578,126.6299,-762.5401,8639.71473,-80644.367,-915223.431
81.533363,-50.034777,126.3571,-762.1529,8653.08222,-80631.897,-915228.247
81.533329,-50.033975,126.0951,-761.7549,8666.46517,-80619.4109,-915233.064
81.533295,-50.033173,125.8319,-761.3481,8679.84817,-80606.9247,-915237.88
81.533261,-50.032371,125.567,-760.953,8693.23121,-80594.4384,-915242.697
81.533227,-50.031569,125.3033,-760.5567,8706.61431,-80581.952,-915247.513
81.533192,-50.030767,125.049,-760.151,8720.02799,-80569.475,-915252.437
81.533158,-50.029966,124.79,-759.75,8733.39578,-80557.0043,-915257.252
81.533123,-50.029164,124.5253,-759.3547,8746.80957,-80544.5271,-915262.176
81.533088,-50.028363,124.2719,-758.9381,8760.20803,-80532.0657,-915267.099
81.533054,-50.027561,124.0129,-758.5371,8773.59138,-80519.5786,-915271.914
81.533019,-50.02676,123.7473,-758.1427,8786.98994,-80507.117,-915276.837
81.532984,-50.025958,123.488,-757.742,8800.40393,-80494.6393,-915281.76
81.532949,-50.025157,123.2258,-757.3442,8813.80259,-80482.1774,-915286.682
81.532914,-50.024356,122.9519,-756.9581,8827.2013,-80469.7154,-915291.604
81.532878,-50.023554,122.69,-756.55,8840.64679,-80457.2469,-915296.635
81.532843,-50.022753,122.4126,-756.1674,8854.04561,-80444.7846,-915301.557
81.532808,-50.021952,122.133,-755.787,8867.44448,-80432.3223,-915306.478
81.532772,-50.021151,121.872,-755.388,8880.87478,-80419.8693,-915311.508
81.532736,-50.02035,121.5937,-755.0063,8894.30514,-80407.4162,-915316.537
81.532701,-50.019549,121.3049,-754.6251,8907.70417,-80394.9535,-915321.458
81.532665,-50.018748,121.0245,-754.2455,8921.13462,-80382.5002,-915326.487
81.532629,-50.017948,120.735,-753.875,8934.5498,-80370.0627,-915331.515
81.532593,-50.017147,120.4449,-753.4951,8947.98036,-80357.6091,-915336.543
81.532557,-50.016346,120.1447,-753.1353,8961.41098,-80345.1554,-915341.572
81.532521,-50.015546,119.8452,-752.7748,8974.82631,-80332.7176,-915346.599
81.532484,-50.014745,119.5542,-752.3958,8988.28922,-80320.2731,-915351.736
81.532448,-50.013945,119.254,-752.036,9001.70466,-80307.835,-915356.763
81.532411,-50.013144,118.9554,-751.6646,9015.16768,-80295.3903,-915361.899
81.532375,-50.012344,118.6655,-751.2945,9028.58322,-80282.952,-915366.925
81.532338,-50.011544,118.3778,-750.9222,9042.03104,-80270.523,-915372.06
81.532301,-50.010743,118.0982,-750.0818,9055.49422,-80258.0779,-915377.196
81.532264,-50.009943,117.8185,-749.2515,9068.94215,-80245.6487,-915382.33
81.532227,-50.009143,117.5289,-748.4211,9082.39013,-80233.2194,-915387.464
81.53219,-50.008343,117.2527,-747.5873,9095.83817,-80220.7899,-915392.598
81.532153,-50.007543,116.9872,-746.7428,9109.28626,-80208.3603,-915397.732
81.532116,-50.006743,116.7322,-745.8778,9122.73441,-80195.9306,-915402.866
81.532079,-50.005943,116.4878,-745.0122,9136.18261,-80183.5007,-915407.999
81.532041,-50.005143,116.2401,-744.1399,9149.66388,-80171.0802,-915413.241
81.532004,-50.004343,115.996,-743.274,9163.11219,-80158.6501,-915418.374
81.531966,-50.003544,115.7626,-742.3874,9176.57832,-80146.2453,-915423.614
81.531928,-50.002744,115.5241,-741.5159,9190.05976,-80133.8245,-915428.856
81.531891,-50.001945,115.2916,-740.6384,9203.49293,-80121.4099,-915433.987
81.531853,-50.001145,115.0635,-739.7465,9216.97448,-80108.9888,-915439.228
81.531815,-50.000346,114.8289,-734.7911,9230.44083,-80096.5835,-915444.467
81.531776,-49.999547,114.594,-729.826,9243.94108,-80084.1876,-915449.815
81.531738,-49.998748,114.362,-724.858,9257.40754,-80071.782,-915455.054
81.5317,-49.997949,114.131,-719.899,9270.87405,-80059.3763,-915460.293
81.531662,-49.99715,113.9028,-714.9272,9284.34061,-80046.9705,-915465.531
81.531623,-49.996351,114.0947,-709.7753,9297.84109,-80034.5741,-915470.879
81.531584,-49.995552,114.2783,-702.8517,9311.34163,-80022.1775,-915476.225
81.531546,-49.994753,114.4599,-695.9201,9324.80836,-80009.7713,-915481.464
81.531507,-49.993955,114.6503,-688.9797,9338.29379,-79997.3904,-915486.809
81.531468,-49.993156,114.8514,-682.0386,9351.79449,-79984.9934,-915492.155
81.531429,-49.992358,115.0436,-674.8464,9365.28003,-79972.6122,-915497.5
81.53139,-49.99156,115.2457,-667.6543,9378.76562,-79960.231,-915502.845
81.531351,-49.990762,115.4377,-660.4723,9392.25127,-79947.8495,-915508.189
81.531311,-49.989964,115.6205,-653.2895,9405.77167,-79935.4775,-915513.642
81.531272,-49.989166,115.8323,-646.0877,9419.25743,-79923.0958,-915518.986
81.531232,-49.988368,116.0354,-638.1746,9432.77794,-79910.7234,-915524.438
81.531193,-49.98757,116.2479,-630.2521,9446.26381,-79898.3415,-915529.782
81.531153,-49.986773,116.462,-622.328,9459.76925,-79885.9848,-915535.233
81.531113,-49.985975,116.6747,-614.4053,9473.28993,-79873.6121,-915540.685
81.531073,-49.985178,116.8975,-606.4825,9486.79549,-79861.2552,-915546.135
81.531033,-49.984381,117.1203,-598.5497,9500.3011,-79848.8981,-915551.585
81.530993,-49.983583,117.3459,-592.6441,9513.82195,-79836.525,-915557.037
81.530953,-49.982786,117.972,-586.568,9527.32768,-79824.1677,-915562.487
81.530912,-49.98199,118.612,-580.478,9540.85383,-79811.8356,-915568.044
81.530872,-49.981193,119.2351,-574.4049,9554.35968,-79799.478,-915573.493
81.530831,-49.980396,119.8622,-568.3278,9567.90109,-79787.1298,-915579.051
81.530791,-49.9796,120.497,-559.653,9581.39187,-79774.7879,-915584.499
81.53075,-49.978803,121.1143,-550.9957,9594.9334,-79762.4393,-915590.056
81.53071,-49.978007,121.7276,-542.3524,9608.42429,-79750.0972,-915595.504
81.530669,-49.977211,122.3505,-533.6895,9621.95079,-79737.7643,-915601.06
81.530628,-49.976415,122.9681,-525.0419,9635.47735,-79725.4313,-915606.615
81.530587,-49.975618,123.575,-516.395,9649.01912,-79713.0822,-915612.172
81.530546,-49.974822,124.1875,-491.5225,9662.5458,-79700.749,-915617.728
81.530505,-49.974026,124.79,-466.67,9676.07253,-79688.4155,-915623.283
81.530463,-49.973231,125.3992,-448.9508,9689.62056,-79676.1074,-915628.945
81.530422,-49.972435,126.012,-431.228,9703.14742,-79663.7737,-915634.5
81.530381,-49.971639,126.6274,-413.5026,9716.67434,-79651.4399,-915640.054
81.53034,-49.970843,127.2451,-373.7849,9730.20131,-79639.106,-915645.609
81.530298,-49.970048,127.8682,-346.4318,9743.74957,-79626.7973,-915651.27
81.530257,-49.969252,128.4931,-319.0769,9757.27667,-79614.463,-915656.824
81.530215,-49.968457,129.1058,-292.5542,9770.82505,-79602.1541,-915662.485
81.530174,-49.967661,129.7186,-266.0414,9784.35226,-79589.8195,-915668.039
81.530132,-49.966866,130.2714,-239.5386,9797.90076,-79577.5103,-915673.7
81.530091,-49.966071,130.8336,-223.7564,9811.41295,-79565.1915,-915679.252
81.530049,-49.965275,131.3964,-207.9736,9824.97667,-79552.866,-915684.914
81.530007,-49.96448,131.9798,-192.1702,9838.52535,-79540.5563,-915690.574
81.529966,-49.963685,132.5644,-176.3656,9852.03772,-79528.237,-915696.126
81.529924,-49.96289,133.1683,-160.5417,9865.58652,-79515.9271,-915701.786
81.529882,-49.962094,133.7745,-144.7155,9879.15048,-79503.601,-915707.447
81.52984,-49.961299,134.3981,-128.8719,9892.69939,-79491.2908,-915713.107
81.529799,-49.960504,135.0073,-113.0327,9906.212,-79478.971,-915718.658
81.529757,-49.959709,135.6546,-66.6554,9919.76103,-79466.6604,-915724.317
81.529715,-49.958914,136.3146,-35.9254,9933.31013,-79454.3498,-915729.976
81.529673,-49.958119,136.9982,-5.1718,9946.85928,-79442.039,-915735.635
81.529631,-49.957324,137.6955,13.7655,9960.4085,-79429.728,-915741.294
81.529589,-49.95653,138.4119,32.7319,9973.94267,-79417.4329,-915746.951
81.529547,-49.955735,139.1567,51.7167,9987.49201,-79405.1217,-915752.609
81.529505,-49.954941,138.7528,72.9628,10001.0263,-79392.8263,-915758.266
81.529462,-49.954146,138.3622,94.2222,10014.6129,-79380.5242,-915764.033
81.52942,-49.953352,137.9984,113.8584,10028.1473,-79368.2285,-915769.689
81.529378,-49.952558,137.6445,137.6445,10041.6818,-79355.9327,-915775.346
