81.538,-50.571,154.27,154.27,0,-89140,-9.1395e+05
81.538,-50.57,151.09,143.96,13.619,-89126,-9.1395e+05
81.538,-50.569,147.93,133.68,27.245,-89113,-9.1395e+05
81.538,-50.568,144.76,123.38,40.879,-89099,-9.1395e+05
81.538,-50.567,141.59,113.08,54.506,-89085,-9.1395e+05
81.538,-50.566,138.43,95.639,68.14,-89072,-9.1395e+05
81.538,-50.565,135.28,78.2,81.767,-89058,-9.1395e+05
81.538,-50.565,132.12,60.752,95.401,-89045,-9.1395e+05
81.538,-50.564,128.96,43.314,109.01,-89031,-9.1395e+05
81.538,-50.563,125.83,20.526,122.64,-89017,-9.1396e+05
81.538,-50.562,122.68,-2.2727,136.27,-89004,-9.1396e+05
81.538,-50.561,113.42,-27.741,149.9,-88990,-9.1396e+05
81.538,-50.56,113.29,-56.627,163.51,-88976,-9.1396e+05
81.538,-50.56,113.17,-85.525,177.14,-88963,-9.1396e+05
81.538,-50.559,113.05,-101.49,190.77,-88949,-9.1396e+05
81.538,-50.558,112.92,-117.47,204.38,-88936,-9.1396e+05
81.538,-50.557,112.82,-133.41,218.01,-88922,-9.1396e+05
81.538,-50.556,112.7,-147.45,231.62,-88908,-9.1396e+05
81.538,-50.555,112.59,-161.49,245.25,-88895,-9.1396e+05
81.538,-50.554,112.46,-175.54,258.86,-88881,-9.1396e+05
81.538,-50.554,112.36,-189.56,272.49,-88868,-9.1396e+05
81.538,-50.553,112.24,-195.19,286.1,-88854,-9.1396e+05
81.538,-50.552,112.14,-200.8,299.71,-88840,-9.1396e+05
81.538,-50.551,112.04,-206.41,313.33,-88827,-9.1396e+05
81.538,-50.55,111.94,-212.02,326.94,-88813,-9.1396e+05
81.538,-50.549,111.85,-217.62,340.55,-88799,-9.1396e+05
81.538,-50.549,111.74,-211.86,354.18,-88786,-9.1396e+05
81.538,-50.548,111.65,-206.08,367.79,-88772,-9.1396e+05
81.538,-50.547,111.54,-200.32,381.4,-88759,-9.1396e+05
81.538,-50.546,111.46,-194.52,395.01,-88745,-9.1396e+05
81.538,-50.545,111.35,-182.16,408.61,-88731,-9.1396e+05
81.538,-50.544,111.26,-169.78,422.22,-88718,-9.1396e+05
81.538,-50.543,111.18,-159.87,435.83,-88704,-9.1396e+05
81.538,-50.543,111.09,-149.96,449.43,-88691,-9.1396e+05
81.538,-50.542,111,-140.06,463.04,-88677,-9.1396e+05
81.538,-50.541,110.92,-130.14,476.64,-88663,-9.1396e+05
81.538,-50.54,110.83,-148.28,490.23,-88650,-9.1396e+05
81.538,-50.539,110.76,-166.39,503.84,-88636,-9.1396e+05
81.538,-50.538,110.67,-184.53,517.44,-88623,-9.1397e+05
81.538,-50.538,110.59,-213.38,531.05,-88609,-9.1397e+05
81.538,-50.537,110.51,-242.23,544.63,-88595,-9.1397e+05
81.538,-50.536,110.45,-248.24,558.23,-88582,-9.1397e+05
81.538,-50.535,110.38,-254.26,571.82,-88568,-9.1397e+05
81.538,-50.534,110.3,-260.29,585.42,-88555,-9.1397e+05
81.538,-50.533,110.24,-266.3,599.01,-88541,-9.1397e+05
81.538,-50.532,110.18,-272.31,612.61,-88528,-9.1397e+05
81.538,-50.532,110.12,-278.31,626.2,-88514,-9.1397e+05
81.538,-50.531,110.05,-279.77,639.8,-88500,-9.1397e+05
81.538,-50.53,110,-281.21,653.38,-88487,-9.1397e+05
81.538,-50.529,109.93,-282.66,666.97,-88473,-9.1397e+05
81.538,-50.528,109.78,-284.15,680.56,-88460,-9.1397e+05
81.538,-50.527,109.64,-285.63,694.15,-88446,-9.1397e+05
81.538,-50.527,109.49,-287.12,707.73,-88432,-9.1397e+05
81.538,-50.526,109.35,-288.6,721.31,-88419,-9.1397e+05
81.538,-50.525,109.18,-290.11,734.89,-88405,-9.1397e+05
81.538,-50.524,109.02,-291.61,748.47,-88392,-9.1397e+05
81.538,-50.523,108.87,-293.1,762.05,-88378,-9.1397e+05
81.538,-50.522,108.71,-294.05,775.63,-88365,-9.1397e+05
81.538,-50.521,108.57,-294.99,789.21,-88351,-9.1397e+05
81.538,-50.521,108.41,-295.95,802.79,-88337,-9.1398e+05
81.538,-50.52,108.25,-296.9,816.37,-88324,-9.1398e+05
81.538,-50.519,108.09,-297.86,829.95,-88310,-9.1398e+05
81.538,-50.518,107.94,-298.81,843.53,-88297,-9.1398e+05
81.538,-50.517,107.78,-299.77,857.11,-88283,-9.1398e+05
81.538,-50.516,107.62,-301.84,870.67,-88270,-9.1398e+05
81.538,-50.516,107.46,-303.92,884.25,-88256,-9.1398e+05
81.538,-50.515,107.3,-306,897.82,-88243,-9.1398e+05
81.538,-50.514,107.15,-308.06,911.4,-88229,-9.1398e+05
81.538,-50.513,107,-310.13,924.96,-88215,-9.1398e+05
81.538,-50.512,106.84,-312.2,938.53,-88202,-9.1398e+05
81.538,-50.511,106.69,-314.27,952.11,-88188,-9.1398e+05
81.538,-50.51,106.53,-316.35,965.67,-88175,-9.1398e+05
81.538,-50.51,106.38,-316.76,979.24,-88161,-9.1398e+05
81.538,-50.509,106.25,-317.16,992.8,-88148,-9.1398e+05
81.538,-50.508,106.08,-317.6,1006.4,-88134,-9.1398e+05
81.538,-50.507,105.94,-318,1019.9,-88121,-9.1399e+05
81.538,-50.506,105.78,-318.43,1033.5,-88107,-9.1399e+05
81.538,-50.505,105.63,-318.85,1047.1,-88093,-9.1399e+05
81.538,-50.505,105.48,-319.27,1060.6,-88080,-9.1399e+05
81.538,-50.504,105.34,-319.67,1074.2,-88066,-9.1399e+05
81.538,-50.503,105.19,-319.68,1087.7,-88053,-9.1399e+05
81.538,-50.502,105.03,-319.69,1101.3,-88039,-9.1399e+05
81.538,-50.501,104.89,-319.69,1114.9,-88026,-9.1399e+05
81.538,-50.5,104.73,-319.7,1128.4,-88012,-9.1399e+05
81.538,-50.499,104.57,-319.71,1142,-87999,-9.1399e+05
81.538,-50.499,104.42,-319.72,1155.5,-87985,-9.1399e+05
81.538,-50.498,104.52,-319.78,1169.1,-87972,-9.1399e+05
81.538,-50.497,104.61,-319.86,1182.6,-87958,-9.1399e+05
81.538,-50.496,104.72,-319.91,1196.2,-87945,-9.1399e+05
81.538,-50.495,104.82,-319.98,1209.7,-87931,-9.1399e+05
81.538,-50.494,104.93,-320.03,1223.3,-87917,-9.14e+05
81.538,-50.494,105.04,-320.09,1236.9,-87904,-9.14e+05
81.539,-50.493,105.15,-320.14,1250.4,-87890,-9.14e+05
81.539,-50.492,105.26,-320.2,1263.9,-87877,-9.14e+05
81.539,-50.491,105.36,-320.26,1277.5,-87863,-9.14e+05
81.539,-50.49,105.47,-320.32,1291,-87850,-9.14e+05
81.539,-50.489,105.57,-322.28,1304.6,-87836,-9.14e+05
81.539,-50.488,105.68,-324.23,1318.1,-87823,-9.14e+05
81.539,-50.488,105.78,-326.19,1331.7,-87809,-9.14e+05
81.539,-50.487,105.89,-328.15,1345.2,-87796,-9.14e+05
81.539,-50.486,105.99,-330.11,1358.8,-87782,-9.14e+05
81.539,-50.485,106.1,-332.06,1372.3,-87769,-9.14e+05
81.539,-50.484,106.21,-334.01,1385.9,-87755,-9.14e+05
81.539,-50.483,106.32,-335.96,1399.4,-87742,-9.1401e+05
81.539,-50.483,106.43,-336.95,1412.9,-87728,-9.1401e+05
81.539,-50.482,106.54,-337.94,1426.5,-87715,-9.1401e+05
81.539,-50.481,106.66,-338.92,1440,-87701,-9.1401e+05
81.539,-50.48,106.77,-339.91,1453.5,-87688,-9.1401e+05
81.539,-50.479,107.22,-340.76,1467.1,-87674,-9.1401e+05
81.539,-50.478,107.69,-341.58,1480.6,-87661,-9.1401e+05
81.539,-50.478,108.16,-342.41,1494.1,-87647,-9.1401e+05
81.539,-50.477,108.62,-343.24,1507.7,-87634,-9.1401e+05
81.539,-50.476,109.09,-344.07,1521.2,-87620,-9.1401e+05
81.539,-50.475,109.56,-344.89,1534.7,-87607,-9.1401e+05
81.539,-50.474,110.02,-345.73,1548.3,-87593,-9.1401e+05
81.539,-50.473,110.49,-346.55,1561.8,-87580,-9.1401e+05
81.539,-50.472,110.96,-347.76,1575.3,-87566,-9.1402e+05
81.539,-50.472,111.43,-348.97,1588.8,-87553,-9.1402e+05
81.539,-50.471,111.91,-350.17,1602.3,-87539,-9.1402e+05
81.539,-50.47,112.38,-351.38,1615.9,-87526,-9.1402e+05
81.539,-50.469,112.86,-352.58,1629.4,-87512,-9.1402e+05
81.539,-50.468,113.34,-353.78,1642.9,-87499,-9.1402e+05
81.539,-50.467,113.81,-354.99,1656.4,-87485,-9.1402e+05
81.539,-50.467,114.29,-356.19,1669.9,-87472,-9.1402e+05
81.539,-50.466,114.77,-357.39,1683.4,-87458,-9.1402e+05
81.539,-50.465,115.25,-358.59,1697,-87445,-9.1402e+05
81.539,-50.464,115.74,-363.9,1710.5,-87431,-9.1402e+05
81.539,-50.463,116.23,-369.22,1724,-87418,-9.1402e+05
81.539,-50.462,116.72,-374.53,1737.5,-87404,-9.1402e+05
81.539,-50.461,117.21,-379.84,1751,-87391,-9.1403e+05
81.539,-50.461,117.7,-385.16,1764.5,-87377,-9.1403e+05
81.539,-50.46,118.51,-395.17,1778,-87364,-9.1403e+05
81.539,-50.459,119.32,-405.18,1791.5,-87350,-9.1403e+05
81.539,-50.458,120.15,-415.17,1805,-87337,-9.1403e+05
81.539,-50.457,120.96,-425.18,1818.5,-87323,-9.1403e+05
81.539,-50.456,121.78,-435.18,1832,-87310,-9.1403e+05
81.539,-50.456,122.62,-445.16,1845.5,-87296,-9.1403e+05
81.539,-50.455,123.45,-452.4,1859,-87283,-9.1403e+05
81.539,-50.454,124.29,-459.64,1872.5,-87269,-9.1403e+05
81.539,-50.453,125.13,-466.87,1886,-87256,-9.1403e+05
81.539,-50.452,125.96,-473.56,1899.5,-87242,-9.1403e+05
81.539,-50.451,126.81,-480.23,1913,-87229,-9.1403e+05
81.539,-50.451,127.65,-486.91,1926.5,-87215,-9.1404e+05
81.539,-50.45,128.51,-493.58,1939.9,-87202,-9.1404e+05
81.539,-50.449,129.35,-500.26,1953.4,-87189,-9.1404e+05
81.539,-50.448,130.2,-506.93,1966.9,-87175,-9.1404e+05
81.539,-50.447,131.07,-514.45,1980.4,-87162,-9.1404e+05
81.539,-50.446,131.93,-521.97,1993.9,-87148,-9.1404e+05
81.539,-50.446,132.79,-529.5,2007.4,-87135,-9.1404e+05
81.539,-50.445,133.65,-537.02,2020.8,-87121,-9.1404e+05
81.539,-50.444,134.5,-544.56,2034.3,-87108,-9.1404e+05
81.539,-50.443,135.16,-552.16,2047.8,-87094,-9.1404e+05
81.539,-50.442,135.8,-559.78,2061.3,-87081,-9.1404e+05
81.539,-50.441,136.45,-569.94,2074.7,-87067,-9.1404e+05
81.539,-50.44,137.09,-580.1,2088.2,-87054,-9.1404e+05
81.539,-50.44,137.74,-590.26,2101.7,-87041,-9.1405e+05
81.539,-50.439,138.39,-600.42,2115.1,-87027,-9.1405e+05
81.539,-50.438,139.04,-610.57,2128.6,-87014,-9.1405e+05
81.539,-50.437,139.7,-618.08,2142,-87000,-9.1405e+05
81.539,-50.436,140.35,-625.6,2155.5,-86987,-9.1405e+05
81.539,-50.435,140.99,-633.12,2169,-86973,-9.1405e+05
81.539,-50.435,141.64,-640.64,2182.4,-86960,-9.1405e+05
81.539,-50.434,142.3,-648.15,2195.9,-86946,-9.1405e+05
81.539,-50.433,142.95,-653.03,2209.3,-86933,-9.1405e+05
81.539,-50.432,143.61,-657.89,2222.8,-86920,-9.1405e+05
81.539,-50.431,144.25,-662.78,2236.2,-86906,-9.1405e+05
81.539,-50.43,144.91,-667.65,2249.7,-86893,-9.1405e+05
81.539,-50.43,145.56,-672.53,2263.1,-86879,-9.1406e+05
81.539,-50.429,146.19,-677.43,2276.6,-86866,-9.1406e+05
81.539,-50.428,146.84,-682.3,2290,-86852,-9.1406e+05
81.539,-50.427,147.5,-687.17,2303.5,-86839,-9.1406e+05
81.539,-50.426,148.15,-692.05,2316.9,-86826,-9.1406e+05
81.539,-50.425,148.79,-696.94,2330.4,-86812,-9.1406e+05
81.539,-50.425,149.44,-700.2,2343.8,-86799,-9.1406e+05
81.539,-50.424,150.09,-703.47,2357.2,-86785,-9.1406e+05
81.539,-50.423,150.42,-706.87,2370.7,-86772,-9.1406e+05
81.539,-50.422,150.76,-710.27,2384.1,-86759,-9.1406e+05
81.539,-50.421,151.1,-713.67,2397.6,-86745,-9.1406e+05
81.539,-50.42,151.43,-717.07,2411,-86732,-9.1406e+05
81.539,-50.419,151.78,-720.46,2424.4,-86718,-9.1406e+05
81.539,-50.419,152.12,-723.86,2437.8,-86705,-9.1407e+05
81.539,-50.418,152.46,-727.25,2451.3,-86692,-9.1407e+05
81.539,-50.417,152.82,-729.11,2464.7,-86678,-9.1407e+05
81.539,-50.416,153.17,-730.98,2478.1,-86665,-9.1407e+05
81.539,-50.415,153.51,-732.85,2491.6,-86651,-9.1407e+05
81.539,-50.414,153.86,-734.72,2505,-86638,-9.1407e+05
81.539,-50.414,154.22,-736.57,2518.4,-86625,-9.1407e+05
81.539,-50.413,154.57,-738.44,2531.8,-86611,-9.1407e+05
81.539,-50.412,154.93,-740.29,2545.2,-86598,-9.1407e+05
81.539,-50.411,155.29,-742.15,2558.7,-86584,-9.1407e+05
81.539,-50.41,155.63,-744.03,2572.1,-86571,-9.1407e+05
81.539,-50.409,155.99,-745.88,2585.5,-86558,-9.1407e+05
81.539,-50.409,156.35,-746.55,2598.9,-86544,-9.1407e+05
81.539,-50.408,156.72,-747.22,2612.3,-86531,-9.1408e+05
81.539,-50.407,157.08,-747.89,2625.7,-86517,-9.1408e+05
81.539,-50.406,157.44,-748.56,2639.1,-86504,-9.1408e+05
81.539,-50.405,157.33,-749.44,2652.5,-86491,-9.1408e+05
81.539,-50.404,157.22,-750.32,2665.9,-86477,-9.1408e+05
81.539,-50.404,157.12,-751.18,2679.3,-86464,-9.1408e+05
81.539,-50.403,157,-752.07,2692.7,-86450,-9.1408e+05
81.539,-50.402,156.89,-752.94,2706.1,-86437,-9.1408e+05
81.539,-50.401,156.77,-753.83,2719.5,-86424,-9.1408e+05
81.539,-50.4,156.66,-754.7,2732.9,-86410,-9.1408e+05
81.539,-50.399,156.54,-755.59,2746.3,-86397,-9.1408e+05
81.539,-50.399,156.42,-756.5,2759.7,-86384,-9.1408e+05
81.539,-50.398,156.3,-757.41,2773.1,-86370,-9.1409e+05
81.539,-50.397,156.18,-758.33,2786.5,-86357,-9.1409e+05
81.539,-50.396,156.06,-759.24,2799.9,-86344,-9.1409e+05
81.539,-50.395,155.95,-760.14,2813.3,-86330,-9.1409e+05
81.539,-50.394,155.83,-761.05,2826.6,-86317,-9.1409e+05
81.539,-50.394,155.71,-761.97,2840,-86303,-9.1409e+05
81.539,-50.393,155.59,-762.88,2853.4,-86290,-9.1409e+05
81.539,-50.392,155.49,-763.77,2866.8,-86277,-9.1409e+05
81.539,-50.391,155.38,-764.68,2880.1,-86263,-9.1409e+05
81.539,-50.39,155.27,-764.75,2893.5,-86250,-9.1409e+05
81.539,-50.389,155.16,-764.83,2906.9,-86237,-9.1409e+05
81.539,-50.389,155.08,-764.88,2920.3,-86223,-9.1409e+05
81.539,-50.388,154.98,-764.95,2933.6,-86210,-9.1409e+05
81.539,-50.387,154.88,-765.02,2947,-86197,-9.141e+05
81.539,-50.386,154.78,-765.08,2960.4,-86183,-9.141e+05
81.539,-50.385,154.69,-765.14,2973.7,-86170,-9.141e+05
81.539,-50.384,154.6,-765.2,2987.1,-86157,-9.141e+05
81.539,-50.384,154.52,-765.25,3000.4,-86143,-9.141e+05
81.539,-50.383,154.44,-765.3,3013.8,-86130,-9.141e+05
81.539,-50.382,154.35,-764.2,3027.2,-86117,-9.141e+05
81.539,-50.381,154.27,-763.09,3040.5,-86103,-9.141e+05
81.539,-50.38,154.2,-761.98,3053.9,-86090,-9.141e+05
81.539,-50.379,154.13,-760.86,3067.2,-86077,-9.141e+05
81.539,-50.379,154.05,-759.75,3080.5,-86063,-9.141e+05
81.539,-50.378,153.98,-758.64,3093.9,-86050,-9.141e+05
81.539,-50.377,153.92,-757.51,3107.2,-86037,-9.1411e+05
81.539,-50.376,153.86,-756.38,3120.6,-86023,-9.1411e+05
81.539,-50.375,153.81,-755.25,3133.9,-86010,-9.1411e+05
81.539,-50.374,153.76,-754.11,3147.2,-85997,-9.1411e+05
81.539,-50.374,153.71,-751.65,3160.6,-85984,-9.1411e+05
81.539,-50.373,153.66,-749.18,3173.9,-85970,-9.1411e+05
81.539,-50.372,153.6,-746.73,3187.2,-85957,-9.1411e+05
81.539,-50.371,153.55,-744.26,3200.6,-85944,-9.1411e+05
81.539,-50.37,153.49,-741.81,3213.9,-85930,-9.1411e+05
81.539,-50.369,153.46,-742.57,3227.2,-85917,-9.1411e+05
81.539,-50.369,153.41,-743.36,3240.5,-85904,-9.1411e+05
81.539,-50.368,153.36,-744.15,3253.8,-85890,-9.1411e+05
81.539,-50.367,153.32,-744.92,3267.2,-85877,-9.1412e+05
81.539,-50.366,153.27,-745.71,3280.5,-85864,-9.1412e+05
81.539,-50.365,153.22,-746.5,3293.8,-85851,-9.1412e+05
81.539,-50.364,153.17,-747.29,3307.1,-85837,-9.1412e+05
81.539,-50.364,153.1,-748.25,3320.4,-85824,-9.1412e+05
81.539,-50.363,153.03,-749.22,3333.7,-85811,-9.1412e+05
81.539,-50.362,152.97,-750.17,3347,-85797,-9.1412e+05
81.539,-50.361,152.89,-751.14,3360.3,-85784,-9.1412e+05
81.539,-50.36,152.82,-752.11,3373.6,-85771,-9.1412e+05
81.539,-50.359,152.73,-753.09,3386.9,-85758,-9.1412e+05
81.539,-50.359,152.65,-754.07,3400.2,-85744,-9.1412e+05
81.539,-50.358,152.55,-755.06,3413.5,-85731,-9.1413e+05
81.539,-50.357,152.47,-756.03,3426.8,-85718,-9.1413e+05
81.539,-50.356,152.37,-757.03,3440.1,-85705,-9.1413e+05
81.539,-50.355,152.28,-758.01,3453.4,-85691,-9.1413e+05
81.539,-50.354,152.2,-758.99,3466.6,-85678,-9.1413e+05
81.539,-50.354,152.09,-759.99,3479.9,-85665,-9.1413e+05
81.539,-50.352,152.31,-760.67,3509.3,-85636,-9.1413e+05
81.539,-50.351,152.19,-761.68,3522.7,-85622,-9.1413e+05
81.539,-50.35,152.09,-761.92,3536.1,-85609,-9.1413e+05
81.539,-50.349,151.96,-762.19,3549.5,-85595,-9.1413e+05
81.539,-50.348,151.85,-762.45,3562.9,-85582,-9.1414e+05
81.539,-50.348,151.72,-762.72,3576.3,-85569,-9.1414e+05
81.539,-50.347,151.6,-762.98,3589.7,-85555,-9.1414e+05
81.539,-50.346,151.46,-763.26,3603.1,-85542,-9.1414e+05
81.539,-50.345,151.33,-763.53,3616.6,-85529,-9.1414e+05
81.539,-50.344,151.19,-763.82,3630,-85515,-9.1414e+05
81.539,-50.343,151.04,-764.11,3643.4,-85502,-9.1414e+05
81.539,-50.343,150.9,-764.39,3656.8,-85488,-9.1414e+05
81.539,-50.342,150.74,-764.69,3670.2,-85475,-9.1414e+05
81.539,-50.341,150.58,-764.99,3683.6,-85462,-9.1414e+05
81.539,-50.34,150.42,-765.29,3697,-85448,-9.1414e+05
81.539,-50.339,150.27,-765.59,3710.4,-85435,-9.1414e+05
81.539,-50.338,150.1,-765.9,3723.8,-85422,-9.1415e+05
81.539,-50.338,149.93,-766.21,3737.2,-85408,-9.1415e+05
81.539,-50.337,149.76,-766.52,3750.6,-85395,-9.1415e+05
81.539,-50.336,149.6,-766.82,3764,-85381,-9.1415e+05
81.539,-50.335,149.43,-767.14,3777.4,-85368,-9.1415e+05
81.539,-50.334,149.23,-767.25,3790.8,-85355,-9.1415e+05
81.539,-50.333,149.05,-767.34,3804.2,-85341,-9.1415e+05
81.539,-50.333,148.85,-767.45,3817.5,-85328,-9.1415e+05
81.539,-50.332,148.67,-767.55,3830.9,-85315,-9.1415e+05
81.539,-50.331,148.48,-767.65,3844.3,-85301,-9.1415e+05
81.539,-50.33,148.44,-767.68,3857.7,-85288,-9.1416e+05
81.539,-50.329,148.41,-767.7,3871.1,-85275,-9.1416e+05
81.539,-50.328,148.39,-767.72,3884.5,-85261,-9.1416e+05
81.539,-50.328,148.35,-767.75,3897.9,-85248,-9.1416e+05
81.539,-50.327,148.31,-767.78,3911.3,-85235,-9.1416e+05
81.539,-50.326,148.26,-767.83,3924.6,-85221,-9.1416e+05
81.539,-50.325,148.21,-767.87,3938,-85208,-9.1416e+05
81.539,-50.324,148.15,-767.92,3951.4,-85195,-9.1416e+05
81.539,-50.323,148.1,-767.97,3964.8,-85181,-9.1416e+05
81.539,-50.323,148.05,-767.89,3978.1,-85168,-9.1416e+05
81.539,-50.322,147.98,-767.84,3991.5,-85155,-9.1417e+05
81.539,-50.321,147.91,-767.78,4004.9,-85141,-9.1417e+05
81.539,-50.32,147.84,-767.73,4018.3,-85128,-9.1417e+05
81.539,-50.319,147.76,-767.68,4031.7,-85115,-9.1417e+05
81.539,-50.318,147.68,-767.64,4045,-85101,-9.1417e+05
81.539,-50.318,147.61,-767.58,4058.4,-85088,-9.1417e+05
81.539,-50.317,147.54,-767.53,4071.8,-85075,-9.1417e+05
81.539,-50.316,147.44,-767.5,4085.2,-85061,-9.1417e+05
81.539,-50.315,147.35,-767.47,4098.5,-85048,-9.1417e+05
81.539,-50.314,147.25,-767.44,4111.9,-85035,-9.1418e+05
81.539,-50.313,147.13,-767.44,4125.3,-85021,-9.1418e+05
81.539,-50.313,147.03,-767.42,4138.7,-85008,-9.1418e+05
81.539,-50.312,146.91,-767.41,4152,-84995,-9.1418e+05
81.539,-50.311,146.79,-767.41,4165.4,-84981,-9.1418e+05
81.539,-50.31,146.67,-767.4,4178.8,-84968,-9.1418e+05
81.539,-50.309,146.54,-767.41,4192.1,-84955,-9.1418e+05
81.539,-50.308,146.41,-767.41,4205.5,-84941,-9.1418e+05
81.539,-50.308,146.27,-767.43,4218.9,-84928,-9.1419e+05
81.539,-50.307,146.12,-767.45,4232.3,-84915,-9.1419e+05
81.539,-50.306,145.96,-767.49,4245.6,-84901,-9.1419e+05
81.539,-50.305,145.81,-767.51,4259,-84888,-9.1419e+05
81.539,-50.304,145.66,-767.54,4272.4,-84875,-9.1419e+05
81.539,-50.303,145.5,-767.57,4285.7,-84862,-9.1419e+05
81.539,-50.303,145.34,-767.61,4299.1,-84848,-9.1419e+05
81.539,-50.302,145.16,-767.66,4312.5,-84835,-9.1419e+05
81.539,-50.301,144.98,-767.72,4325.8,-84822,-9.142e+05
81.539,-50.3,144.81,-767.76,4339.2,-84808,-9.142e+05
81.539,-50.299,144.63,-767.82,4352.6,-84795,-9.142e+05
81.539,-50.298,144.44,-767.89,4366,-84782,-9.142e+05
81.539,-50.298,144.25,-767.95,4379.3,-84768,-9.142e+05
81.539,-50.297,144.06,-768.02,4392.7,-84755,-9.142e+05
81.539,-50.296,143.86,-768.09,4406.1,-84742,-9.142e+05
81.539,-50.295,143.67,-768.16,4419.4,-84729,-9.1421e+05
81.539,-50.294,143.46,-768.24,4432.8,-84715,-9.1421e+05
81.539,-50.293,143.26,-768.32,4446.2,-84702,-9.1421e+05
81.539,-50.293,143.05,-768.4,4459.5,-84689,-9.1421e+05
81.539,-50.292,142.84,-768.49,4472.9,-84675,-9.1421e+05
81.539,-50.291,142.63,-768.57,4486.3,-84662,-9.1421e+05
81.539,-50.29,142.42,-768.66,4499.7,-84649,-9.1422e+05
81.539,-50.289,142.21,-768.74,4513.1,-84636,-9.1422e+05
81.539,-50.288,141.98,-768.85,4526.4,-84622,-9.1422e+05
81.539,-50.288,141.77,-768.93,4539.8,-84609,-9.1422e+05
81.539,-50.287,141.55,-769.03,4553.2,-84596,-9.1422e+05
81.539,-50.286,141.34,-769.11,4566.6,-84582,-9.1422e+05
81.539,-50.285,141.11,-769.22,4579.9,-84569,-9.1423e+05
81.539,-50.284,140.88,-769.33,4593.3,-84556,-9.1423e+05
81.539,-50.283,140.64,-769.44,4606.7,-84543,-9.1423e+05
81.539,-50.283,140.41,-769.55,4620.1,-84529,-9.1423e+05
81.539,-50.282,140.16,-769.67,4633.4,-84516,-9.1423e+05
81.539,-50.281,139.92,-769.79,4646.8,-84503,-9.1423e+05
81.539,-50.28,139.67,-769.91,4660.2,-84490,-9.1424e+05
81.539,-50.279,139.42,-770.04,4673.6,-84476,-9.1424e+05
81.539,-50.278,139.15,-770.18,4687,-84463,-9.1424e+05
81.539,-50.278,138.89,-770.32,4700.3,-84450,-9.1424e+05
81.539,-50.277,138.62,-770.46,4713.7,-84437,-9.1424e+05
81.539,-50.276,138.33,-770.63,4727.1,-84423,-9.1424e+05
81.539,-50.275,138.05,-770.78,4740.5,-84410,-9.1425e+05
81.539,-50.274,137.75,-770.96,4753.9,-84397,-9.1425e+05
81.539,-50.273,137.45,-771.13,4767.3,-84383,-9.1425e+05
81.539,-50.273,137.14,-771.32,4780.7,-84370,-9.1425e+05
81.539,-50.272,136.83,-771.5,4794,-84357,-9.1425e+05
81.539,-50.271,136.52,-771.69,4807.4,-84344,-9.1425e+05
81.539,-50.27,136.35,-771.82,4820.8,-84330,-9.1426e+05
81.539,-50.269,136.16,-771.97,4834.2,-84317,-9.1426e+05
81.539,-50.268,135.97,-772.12,4847.6,-84304,-9.1426e+05
81.539,-50.268,135.77,-772.28,4861,-84291,-9.1426e+05
81.539,-50.267,135.58,-772.43,4874.4,-84277,-9.1426e+05
81.539,-50.266,135.37,-772.6,4887.8,-84264,-9.1427e+05
81.539,-50.265,135.16,-772.77,4901.2,-84251,-9.1427e+05
81.539,-50.264,134.96,-772.93,4914.6,-84238,-9.1427e+05
81.539,-50.263,134.76,-773.09,4928,-84224,-9.1427e+05
81.539,-50.262,134.56,-773.25,4941.4,-84211,-9.1427e+05
81.539,-50.262,134.36,-773.4,4954.8,-84198,-9.1428e+05
81.539,-50.261,134.16,-773.56,4968.2,-84185,-9.1428e+05
81.539,-50.26,133.96,-773.72,4981.6,-84171,-9.1428e+05
81.539,-50.259,133.77,-773.87,4995,-84158,-9.1428e+05
81.539,-50.258,133.6,-774,5008.4,-84145,-9.1428e+05
81.539,-50.257,133.42,-774.14,5021.9,-84131,-9.1429e+05
81.539,-50.257,133.25,-774.27,5035.3,-84118,-9.1429e+05
81.539,-50.256,133.07,-774.41,5048.7,-84105,-9.1429e+05
81.539,-50.255,132.92,-774.52,5062.1,-84092,-9.1429e+05
81.539,-50.254,132.76,-774.64,5075.5,-84078,-9.1429e+05
81.539,-50.253,132.59,-774.77,5088.9,-84065,-9.143e+05
81.539,-50.252,132.43,-774.89,5102.3,-84052,-9.143e+05
81.539,-50.252,132.27,-775.01,5115.8,-84039,-9.143e+05
81.539,-50.251,132.11,-775.13,5129.2,-84025,-9.143e+05
81.539,-50.25,131.97,-775.23,5142.6,-84012,-9.143e+05
81.539,-50.249,131.81,-775.35,5156,-83999,-9.1431e+05
81.539,-50.248,131.65,-775.47,5169.4,-83986,-9.1431e+05
81.539,-50.247,131.5,-775.58,5182.9,-83972,-9.1431e+05
81.539,-50.247,131.35,-775.57,5196.3,-83959,-9.1431e+05
81.539,-50.246,131.17,-775.59,5209.7,-83946,-9.1432e+05
81.539,-50.245,131.02,-775.58,5223.1,-83933,-9.1432e+05
81.539,-50.244,130.87,-775.57,5236.6,-83920,-9.1432e+05
81.539,-50.243,130.71,-775.58,5250,-83906,-9.1432e+05
81.539,-50.242,130.54,-775.59,5263.4,-83893,-9.1432e+05
81.539,-50.242,130.37,-775.6,5276.9,-83880,-9.1433e+05
81.539,-50.241,130.2,-775.61,5290.3,-83867,-9.1433e+05
81.539,-50.24,130.03,-775.62,5303.7,-83853,-9.1433e+05
81.539,-50.239,129.86,-775.63,5317.1,-83840,-9.1433e+05
81.539,-50.238,129.69,-775.65,5330.6,-83827,-9.1434e+05
81.539,-50.237,129.52,-775.66,5344,-83814,-9.1434e+05
81.539,-50.237,129.34,-775.68,5357.5,-83800,-9.1434e+05
81.539,-50.236,129.17,-775.69,5370.9,-83787,-9.1434e+05
81.539,-50.235,129,-774.17,5384.3,-83774,-9.1435e+05
81.539,-50.234,128.84,-772.64,5397.8,-83761,-9.1435e+05
81.539,-50.233,128.66,-771.13,5411.2,-83747,-9.1435e+05
81.539,-50.232,128.5,-769.6,5424.7,-83734,-9.1435e+05
81.539,-50.232,128.33,-768.08,5438.1,-83721,-9.1435e+05
81.539,-50.231,128.18,-766.54,5451.6,-83708,-9.1436e+05
81.539,-50.23,128.04,-764.99,5465,-83695,-9.1436e+05
81.539,-50.229,127.89,-763.45,5478.4,-83681,-9.1436e+05
81.539,-50.228,127.75,-761.9,5491.9,-83668,-9.1436e+05
81.539,-50.227,127.6,-762.16,5505.3,-83655,-9.1437e+05
81.539,-50.227,127.45,-762.42,5518.8,-83642,-9.1437e+05
81.539,-50.226,127.31,-762.67,5532.2,-83628,-9.1437e+05
81.539,-50.225,127.17,-762.92,5545.7,-83615,-9.1437e+05
81.539,-50.224,127.03,-763.17,5559.1,-83602,-9.1438e+05
81.539,-50.223,126.9,-763.41,5572.6,-83589,-9.1438e+05
81.539,-50.222,126.75,-763.67,5586.1,-83576,-9.1438e+05
81.539,-50.222,126.6,-763.93,5599.5,-83562,-9.1438e+05
81.539,-50.221,126.46,-764.18,5613,-83549,-9.1439e+05
81.539,-50.22,126.31,-764.44,5626.4,-83536,-9.1439e+05
81.539,-50.219,126.16,-764.7,5639.9,-83523,-9.1439e+05
81.539,-50.218,126.02,-766.45,5653.3,-83509,-9.1439e+05
81.539,-50.217,125.87,-768.2,5666.8,-83496,-9.144e+05
81.539,-50.217,125.73,-769.95,5680.3,-83483,-9.144e+05
81.539,-50.216,125.58,-771.71,5693.7,-83470,-9.144e+05
81.539,-50.215,125.42,-773.48,5707.2,-83457,-9.144e+05
81.539,-50.214,125.28,-775.23,5720.6,-83443,-9.1441e+05
81.539,-50.213,125.11,-777.01,5734.1,-83430,-9.1441e+05
81.539,-50.212,124.94,-778.79,5747.6,-83417,-9.1441e+05
81.539,-50.212,124.78,-778.91,5761,-83404,-9.1442e+05
81.539,-50.211,124.62,-779.03,5774.5,-83391,-9.1442e+05
81.538,-50.21,124.45,-779.16,5788,-83377,-9.1442e+05
81.538,-50.209,124.28,-779.29,5801.4,-83364,-9.1442e+05
81.538,-50.208,124.17,-779.4,5814.9,-83351,-9.1443e+05
81.538,-50.207,124.07,-779.5,5828.4,-83338,-9.1443e+05
81.538,-50.207,123.96,-779.61,5841.9,-83325,-9.1443e+05
81.538,-50.206,123.87,-779.7,5855.3,-83311,-9.1443e+05
81.538,-50.205,123.76,-779.81,5868.8,-83298,-9.1444e+05
81.538,-50.204,123.67,-779.9,5882.3,-83285,-9.1444e+05
81.538,-50.203,123.56,-780.01,5895.7,-83272,-9.1444e+05
81.538,-50.202,123.46,-780.11,5909.2,-83259,-9.1445e+05
81.538,-50.202,123.36,-780.21,5922.7,-83245,-9.1445e+05
81.538,-50.201,123.27,-779.75,5936.2,-83232,-9.1445e+05
81.538,-50.2,123.16,-779.31,5949.7,-83219,-9.1445e+05
81.538,-50.199,123.06,-778.86,5963.2,-83206,-9.1446e+05
81.538,-50.198,122.97,-778.4,5976.6,-83193,-9.1446e+05
81.538,-50.197,122.87,-777.95,5990.1,-83180,-9.1446e+05
81.538,-50.196,122.78,-777.49,6003.6,-83166,-9.1447e+05
81.538,-50.196,122.68,-777.04,6017.1,-83153,-9.1447e+05
81.538,-50.195,122.59,-776.58,6030.6,-83140,-9.1447e+05
81.538,-50.194,122.5,-776.12,6044.1,-83127,-9.1447e+05
81.538,-50.193,122.41,-775.66,6057.5,-83114,-9.1448e+05
81.538,-50.192,122.32,-775.2,6071,-83101,-9.1448e+05
81.538,-50.191,122.23,-774.74,6084.5,-83087,-9.1448e+05
81.538,-50.191,122.16,-774.26,6098,-83074,-9.1449e+05
81.538,-50.19,122.09,-773.78,6111.5,-83061,-9.1449e+05
81.538,-50.189,122.02,-773.3,6125,-83048,-9.1449e+05
81.538,-50.188,121.96,-772.81,6138.5,-83035,-9.1449e+05
81.538,-50.187,121.9,-772.32,6152,-83022,-9.145e+05
81.538,-50.186,121.85,-771.82,6165.4,-83009,-9.145e+05
81.538,-50.186,121.8,-772.86,6178.9,-82995,-9.145e+05
81.538,-50.185,121.75,-773.9,6192.4,-82982,-9.1451e+05
81.538,-50.184,121.71,-774.93,6205.9,-82969,-9.1451e+05
81.538,-50.183,121.67,-775.96,6219.4,-82956,-9.1451e+05
81.538,-50.182,121.63,-776.99,6232.9,-82943,-9.1452e+05
81.538,-50.181,121.59,-778.02,6246.4,-82930,-9.1452e+05
81.538,-50.181,121.56,-779.04,6259.9,-82917,-9.1452e+05
81.538,-50.18,121.53,-780.06,6273.4,-82904,-9.1453e+05
81.538,-50.179,121.5,-781.08,6286.8,-82890,-9.1453e+05
81.538,-50.178,121.46,-782.11,6300.3,-82877,-9.1453e+05
81.538,-50.177,121.43,-783.13,6313.8,-82864,-9.1454e+05
81.538,-50.176,121.41,-784.14,6327.3,-82851,-9.1454e+05
81.538,-50.176,121.38,-785.16,6340.8,-82838,-9.1454e+05
81.538,-50.175,121.35,-786.18,6354.3,-82825,-9.1454e+05
81.538,-50.174,121.31,-787.21,6367.8,-82812,-9.1455e+05
81.538,-50.173,121.28,-787.79,6381.3,-82799,-9.1455e+05
81.538,-50.172,121.24,-788.38,6394.8,-82786,-9.1455e+05
81.538,-50.171,121.22,-788.95,6408.3,-82772,-9.1456e+05
81.538,-50.171,121.19,-789.53,6421.8,-82759,-9.1456e+05
81.538,-50.17,121.16,-790.11,6435.3,-82746,-9.1456e+05
81.538,-50.169,121.13,-790.68,6448.8,-82733,-9.1457e+05
81.538,-50.168,121.1,-791.26,6462.3,-82720,-9.1457e+05
81.538,-50.167,121.08,-791.83,6475.8,-82707,-9.1457e+05
81.538,-50.167,121.05,-792.41,6489.3,-82694,-9.1458e+05
81.538,-50.166,121.02,-792.77,6502.8,-82681,-9.1458e+05
81.538,-50.165,121,-793.12,6516.3,-82668,-9.1458e+05
81.538,-50.164,120.96,-793.49,6529.8,-82655,-9.1459e+05
81.538,-50.163,120.94,-793.84,6543.2,-82642,-9.1459e+05
81.538,-50.162,120.9,-794.21,6556.8,-82629,-9.1459e+05
81.538,-50.162,120.87,-794.57,6570.3,-82616,-9.146e+05
81.537,-50.161,120.83,-794.94,6583.8,-82602,-9.146e+05
81.537,-50.16,120.79,-795.31,6597.2,-82589,-9.146e+05
81.537,-50.159,120.76,-795.67,6610.8,-82576,-9.1461e+05
81.537,-50.158,120.73,-796.03,6624.3,-82563,-9.1461e+05
81.537,-50.157,120.7,-796.06,6637.8,-82550,-9.1461e+05
81.537,-50.157,120.67,-796.09,6651.3,-82537,-9.1462e+05
81.537,-50.156,120.64,-796.12,6664.7,-82524,-9.1462e+05
81.537,-50.155,120.62,-796.14,6678.2,-82511,-9.1463e+05
81.537,-50.154,120.59,-796.17,6691.8,-82498,-9.1463e+05
81.537,-50.153,120.56,-796.2,6705.3,-82485,-9.1463e+05
81.537,-50.152,120.54,-796.22,6718.8,-82472,-9.1464e+05
81.537,-50.152,120.52,-796.24,6732.3,-82459,-9.1464e+05
81.537,-50.151,120.5,-796.26,6745.8,-82446,-9.1464e+05
81.537,-50.15,120.48,-796.28,6759.2,-82433,-9.1465e+05
81.537,-50.149,120.46,-796.3,6772.7,-82420,-9.1465e+05
81.537,-50.148,120.45,-796.31,6786.3,-82407,-9.1465e+05
81.537,-50.147,120.44,-796.32,6799.8,-82394,-9.1466e+05
81.537,-50.147,120.42,-796.34,6813.3,-82380,-9.1466e+05
81.537,-50.146,120.41,-796.35,6826.8,-82367,-9.1466e+05
81.537,-50.145,120.4,-796.45,6840.3,-82354,-9.1467e+05
81.537,-50.144,120.4,-796.54,6853.8,-82341,-9.1467e+05
81.537,-50.143,120.39,-796.63,6867.3,-82328,-9.1467e+05
81.537,-50.142,120.37,-796.74,6880.8,-82315,-9.1468e+05
81.537,-50.142,120.37,-796.83,6894.3,-82302,-9.1468e+05
81.537,-50.141,120.37,-796.91,6907.8,-82289,-9.1468e+05
81.537,-50.14,120.36,-797.01,6921.2,-82276,-9.1469e+05
81.537,-50.139,120.35,-797.11,6934.8,-82263,-9.1469e+05
81.537,-50.138,120.32,-797.22,6948.3,-82250,-9.1469e+05
81.537,-50.137,120.32,-797.31,6961.8,-82237,-9.147e+05
81.537,-50.137,120.31,-797.41,6975.3,-82224,-9.147e+05
81.537,-50.136,120.3,-797.51,6988.8,-82211,-9.1471e+05
81.537,-50.135,120.28,-797.61,7002.3,-82198,-9.1471e+05
81.537,-50.134,120.27,-797.71,7015.8,-82185,-9.1471e+05
81.537,-50.133,120.25,-797.82,7029.3,-82172,-9.1472e+05
81.537,-50.132,120.23,-797.92,7042.8,-82159,-9.1472e+05
81.537,-50.132,120.21,-798.03,7056.3,-82146,-9.1472e+05
81.537,-50.131,120.19,-798.14,7069.8,-82133,-9.1473e+05
81.537,-50.13,120.17,-798.24,7083.3,-82120,-9.1473e+05
81.537,-50.129,120.16,-798.04,7096.8,-82107,-9.1473e+05
81.537,-50.128,120.13,-797.85,7110.3,-82094,-9.1474e+05
81.537,-50.127,120.1,-797.67,7123.8,-82081,-9.1474e+05
81.537,-50.127,120.08,-797.47,7137.3,-82068,-9.1474e+05
81.537,-50.126,120.05,-797.29,7150.8,-82055,-9.1475e+05
81.537,-50.125,120.02,-797.1,7164.3,-82042,-9.1475e+05
81.537,-50.124,120,-796.91,7177.8,-82029,-9.1476e+05
81.537,-50.123,119.97,-796.72,7191.3,-82016,-9.1476e+05
81.537,-50.123,120.08,-796.46,7204.8,-82003,-9.1476e+05
81.536,-50.122,120.18,-796.22,7218.3,-81990,-9.1477e+05
81.536,-50.121,120.28,-795.97,7231.8,-81977,-9.1477e+05
81.536,-50.12,120.36,-795.74,7245.3,-81964,-9.1477e+05
81.536,-50.119,120.46,-795.5,7258.8,-81951,-9.1478e+05
81.536,-50.118,120.55,-795.26,7272.4,-81938,-9.1478e+05
81.536,-50.118,120.65,-795.01,7285.9,-81925,-9.1479e+05
81.536,-50.117,120.74,-794.77,7299.4,-81912,-9.1479e+05
81.536,-50.116,120.84,-794.53,7312.9,-81899,-9.1479e+05
81.536,-50.115,120.95,-794.27,7326.4,-81886,-9.148e+05
81.536,-50.114,121.04,-794.03,7339.9,-81873,-9.148e+05
81.536,-50.113,121.14,-793.79,7353.4,-81860,-9.148e+05
81.536,-50.113,121.24,-793.54,7366.9,-81847,-9.1481e+05
81.536,-50.112,121.35,-793.28,7380.4,-81834,-9.1481e+05
81.536,-50.111,121.44,-793.04,7393.9,-81821,-9.1482e+05
81.536,-50.11,121.53,-792.71,7407.4,-81808,-9.1482e+05
81.536,-50.109,121.62,-792.37,7420.9,-81795,-9.1482e+05
81.536,-50.108,121.71,-792.03,7434.5,-81782,-9.1483e+05
81.536,-50.108,121.8,-791.69,7448,-81770,-9.1483e+05
81.536,-50.107,121.89,-791.35,7461.5,-81757,-9.1484e+05
81.536,-50.106,121.97,-791.02,7475,-81744,-9.1484e+05
81.536,-50.105,122.06,-790.68,7488.5,-81731,-9.1484e+05
81.536,-50.104,122.14,-790.35,7502,-81718,-9.1485e+05
81.536,-50.104,122.22,-790.02,7515.5,-81705,-9.1485e+05
81.536,-50.103,122.3,-789.69,7529,-81692,-9.1486e+05
81.536,-50.102,122.38,-789.36,7542.5,-81679,-9.1486e+05
81.536,-50.101,122.45,-789.04,7556.1,-81666,-9.1486e+05
81.536,-50.1,122.52,-788.73,7569.6,-81653,-9.1487e+05
81.536,-50.099,122.58,-788.42,7583.1,-81640,-9.1487e+05
81.536,-50.099,122.64,-788.11,7596.6,-81628,-9.1488e+05
81.536,-50.098,122.69,-787.81,7610.1,-81615,-9.1488e+05
81.536,-50.097,122.72,-787.53,7623.7,-81602,-9.1488e+05
81.536,-50.096,122.76,-787.24,7637.2,-81589,-9.1489e+05
81.536,-50.095,122.78,-786.97,7650.7,-81576,-9.1489e+05
81.536,-50.094,122.79,-786.71,7664.2,-81563,-9.149e+05
81.536,-50.094,122.81,-786.44,7677.7,-81550,-9.149e+05
81.536,-50.093,122.82,-786.18,7691.3,-81537,-9.149e+05
81.536,-50.092,122.82,-785.93,7704.8,-81525,-9.1491e+05
81.536,-50.091,122.8,-785.7,7718.3,-81512,-9.1491e+05
81.536,-50.09,122.79,-785.47,7731.8,-81499,-9.1492e+05
81.535,-50.09,122.77,-785.24,7745.4,-81486,-9.1492e+05
81.535,-50.089,122.75,-784.96,7758.9,-81473,-9.1493e+05
81.535,-50.088,122.72,-784.69,7772.4,-81460,-9.1493e+05
81.535,-50.087,122.7,-784.41,7785.9,-81447,-9.1493e+05
81.535,-50.086,122.88,-784.05,7799.5,-81435,-9.1494e+05
81.535,-50.085,123.07,-783.68,7813,-81422,-9.1494e+05
81.535,-50.085,123.26,-783.31,7826.6,-81409,-9.1495e+05
81.535,-50.084,123.43,-782.96,7840.1,-81396,-9.1495e+05
81.535,-50.083,123.63,-782.58,7853.7,-81383,-9.1496e+05
81.535,-50.082,123.81,-782.22,7867.2,-81371,-9.1496e+05
81.535,-50.081,123.98,-781.87,7880.7,-81358,-9.1496e+05
81.535,-50.08,124.15,-781.52,7894.3,-81345,-9.1497e+05
81.535,-50.08,124.32,-781.17,7907.8,-81332,-9.1497e+05
81.535,-50.079,124.5,-780.82,7921.4,-81319,-9.1498e+05
81.535,-50.078,124.67,-780.47,7934.9,-81306,-9.1498e+05
81.535,-50.077,124.82,-780.14,7948.5,-81294,-9.1499e+05
81.535,-50.076,124.98,-779.8,7962,-81281,-9.1499e+05
81.535,-50.076,125.13,-779.47,7975.5,-81268,-9.15e+05
81.535,-50.075,125.28,-779.14,7989.1,-81255,-9.15e+05
81.535,-50.074,125.43,-778.62,8002.7,-81242,-9.15e+05
81.535,-50.073,125.56,-778.13,8016.2,-81230,-9.1501e+05
81.535,-50.072,125.7,-777.63,8029.8,-81217,-9.1501e+05
81.535,-50.071,125.84,-777.13,8043.3,-81204,-9.1502e+05
81.535,-50.071,125.98,-776.62,8056.9,-81191,-9.1502e+05
81.535,-50.07,126.1,-776.14,8070.5,-81178,-9.1503e+05
81.535,-50.069,126.23,-775.65,8084,-81166,-9.1503e+05
81.535,-50.068,126.35,-775.17,8097.6,-81153,-9.1504e+05
81.535,-50.067,126.48,-774.67,8111.2,-81140,-9.1504e+05
81.535,-50.067,126.61,-774.18,8124.8,-81127,-9.1504e+05
81.535,-50.066,126.73,-773.7,8138.3,-81115,-9.1505e+05
81.535,-50.065,126.84,-773.22,8151.9,-81102,-9.1505e+05
81.535,-50.064,126.95,-772.75,8165.5,-81089,-9.1506e+05
81.535,-50.063,127.08,-772.27,8179,-81076,-9.1506e+05
81.534,-50.062,127.2,-771.8,8192.6,-81063,-9.1507e+05
81.534,-50.062,127.31,-771.34,8206.2,-81051,-9.1507e+05
81.534,-50.061,127.4,-770.9,8219.8,-81038,-9.1508e+05
81.534,-50.06,127.48,-770.47,8233.4,-81025,-9.1508e+05
81.534,-50.059,127.56,-770.04,8247,-81012,-9.1509e+05
81.534,-50.058,127.63,-769.62,8260.6,-81000,-9.1509e+05
81.534,-50.058,127.69,-769.21,8274.2,-80987,-9.151e+05
81.534,-50.057,127.73,-768.91,8287.7,-80974,-9.151e+05
81.534,-50.056,127.78,-768.59,8301.4,-80961,-9.151e+05
81.534,-50.055,127.82,-768.29,8314.9,-80948,-9.1511e+05
81.534,-50.054,127.84,-768.01,8328.6,-80936,-9.1511e+05
81.534,-50.053,127.87,-767.72,8342.1,-80923,-9.1512e+05
81.534,-50.053,127.87,-767.46,8355.8,-80910,-9.1512e+05
81.534,-50.051,127.46,-767.6,8386,-80882,-9.1513e+05
81.534,-50.05,127.48,-767.32,8399.3,-80869,-9.1514e+05
81.534,-50.049,127.48,-767.06,8412.6,-80857,-9.1514e+05
81.534,-50.048,127.5,-766.78,8426,-80844,-9.1515e+05
81.534,-50.048,127.5,-766.51,8439.3,-80832,-9.1515e+05
81.534,-50.047,127.53,-766.22,8452.6,-80819,-9.1516e+05
81.534,-50.046,127.54,-765.95,8466,-80807,-9.1516e+05
81.534,-50.045,127.53,-765.7,8479.3,-80794,-9.1517e+05
81.534,-50.044,127.55,-765.41,8492.7,-80782,-9.1517e+05
81.534,-50.044,127.56,-765.14,8506.1,-80769,-9.1518e+05
81.534,-50.043,127.58,-764.86,8519.4,-80757,-9.1518e+05
81.534,-50.042,127.6,-764.58,8532.7,-80744,-9.1519e+05
81.534,-50.041,127.61,-764.3,8546.1,-80732,-9.1519e+05
81.534,-50.04,127.63,-764.02,8559.5,-80719,-9.1519e+05
81.534,-50.04,127.66,-763.73,8572.8,-80707,-9.152e+05
81.534,-50.039,127.7,-763.43,8586.2,-80694,-9.152e+05
81.533,-50.038,127.42,-763.28,8599.6,-80682,-9.1521e+05
81.533,-50.037,127.15,-763.11,8613,-80669,-9.1521e+05
81.533,-50.036,126.9,-762.93,8626.3,-80657,-9.1522e+05
81.533,-50.036,126.63,-762.54,8639.7,-80644,-9.1522e+05
81.533,-50.035,126.36,-762.15,8653.1,-80632,-9.1523e+05
81.533,-50.034,126.1,-761.75,8666.5,-80619,-9.1523e+05
81.533,-50.033,125.83,-761.35,8679.8,-80607,-9.1524e+05
81.533,-50.032,125.57,-760.95,8693.2,-80594,-9.1524e+05
81.533,-50.032,125.3,-760.56,8706.6,-80582,-9.1525e+05
81.533,-50.031,125.05,-760.15,8720,-80569,-9.1525e+05
81.533,-50.03,124.79,-759.75,8733.4,-80557,-9.1526e+05
81.533,-50.029,124.53,-759.35,8746.8,-80545,-9.1526e+05
81.533,-50.028,124.27,-758.94,8760.2,-80532,-9.1527e+05
81.533,-50.028,124.01,-758.54,8773.6,-80520,-9.1527e+05
81.533,-50.027,123.75,-758.14,8787,-80507,-9.1528e+05
81.533,-50.026,123.49,-757.74,8800.4,-80495,-9.1528e+05
81.533,-50.025,123.23,-757.34,8813.8,-80482,-9.1529e+05
81.533,-50.024,122.95,-756.96,8827.2,-80470,-9.1529e+05
81.533,-50.024,122.69,-756.55,8840.6,-80457,-9.153e+05
81.533,-50.023,122.41,-756.17,8854,-80445,-9.153e+05
81.533,-50.022,122.13,-755.79,8867.4,-80432,-9.1531e+05
81.533,-50.021,121.87,-755.39,8880.9,-80420,-9.1531e+05
81.533,-50.02,121.59,-755.01,8894.3,-80407,-9.1532e+05
81.533,-50.02,121.3,-754.63,8907.7,-80395,-9.1532e+05
81.533,-50.019,121.02,-754.25,8921.1,-80383,-9.1533e+05
81.533,-50.018,120.74,-753.88,8934.5,-80370,-9.1533e+05
81.533,-50.017,120.44,-753.5,8948,-80358,-9.1534e+05
81.533,-50.016,120.14,-753.14,8961.4,-80345,-9.1534e+05
81.533,-50.016,119.85,-752.77,8974.8,-80333,-9.1535e+05
81.532,-50.015,119.55,-752.4,8988.3,-80320,-9.1535e+05
81.532,-50.014,119.25,-752.04,9001.7,-80308,-9.1536e+05
81.532,-50.013,118.96,-751.66,9015.2,-80295,-9.1536e+05
81.532,-50.012,118.67,-751.29,9028.6,-80283,-9.1537e+05
81.532,-50.012,118.38,-750.92,9042,-80271,-9.1537e+05
81.532,-50.011,118.1,-750.08,9055.5,-80258,-9.1538e+05
81.532,-50.01,117.82,-749.25,9068.9,-80246,-9.1538e+05
81.532,-50.009,117.53,-748.42,9082.4,-80233,-9.1539e+05
81.532,-50.008,117.25,-747.59,9095.8,-80221,-9.1539e+05
81.532,-50.008,116.99,-746.74,9109.3,-80208,-9.154e+05
81.532,-50.007,116.73,-745.88,9122.7,-80196,-9.154e+05
81.532,-50.006,116.49,-745.01,9136.2,-80184,-9.1541e+05
81.532,-50.005,116.24,-744.14,9149.7,-80171,-9.1541e+05
81.532,-50.004,116,-743.27,9163.1,-80159,-9.1542e+05
81.532,-50.004,115.76,-742.39,9176.6,-80146,-9.1542e+05
81.532,-50.003,115.52,-741.52,9190.1,-80134,-9.1543e+05
81.532,-50.002,115.29,-740.64,9203.5,-80121,-9.1543e+05
81.532,-50.001,115.06,-739.75,9217,-80109,-9.1544e+05
81.532,-50,114.83,-734.79,9230.4,-80097,-9.1544e+05
81.532,-50,114.59,-729.83,9243.9,-80084,-9.1545e+05
81.532,-49.999,114.36,-724.86,9257.4,-80072,-9.1546e+05
81.532,-49.998,114.13,-719.9,9270.9,-80059,-9.1546e+05
81.532,-49.997,113.9,-714.93,9284.3,-80047,-9.1547e+05
81.532,-49.996,114.09,-709.78,9297.8,-80035,-9.1547e+05
81.532,-49.996,114.28,-702.85,9311.3,-80022,-9.1548e+05
81.532,-49.995,114.46,-695.92,9324.8,-80010,-9.1548e+05
81.532,-49.994,114.65,-688.98,9338.3,-79997,-9.1549e+05
81.531,-49.993,114.85,-682.04,9351.8,-79985,-9.1549e+05
81.531,-49.992,115.04,-674.85,9365.3,-79973,-9.155e+05
81.531,-49.992,115.25,-667.65,9378.8,-79960,-9.155e+05
81.531,-49.991,115.44,-660.47,9392.3,-79948,-9.1551e+05
81.531,-49.99,115.62,-653.29,9405.8,-79935,-9.1551e+05
81.531,-49.989,115.83,-646.09,9419.3,-79923,-9.1552e+05
81.531,-49.988,116.04,-638.17,9432.8,-79911,-9.1552e+05
81.531,-49.988,116.25,-630.25,9446.3,-79898,-9.1553e+05
81.531,-49.987,116.46,-622.33,9459.8,-79886,-9.1554e+05
81.531,-49.986,116.67,-614.41,9473.3,-79874,-9.1554e+05
81.531,-49.985,116.9,-606.48,9486.8,-79861,-9.1555e+05
81.531,-49.984,117.12,-598.55,9500.3,-79849,-9.1555e+05
81.531,-49.984,117.35,-592.64,9513.8,-79837,-9.1556e+05
81.531,-49.983,117.97,-586.57,9527.3,-79824,-9.1556e+05
81.531,-49.982,118.61,-580.48,9540.9,-79812,-9.1557e+05
81.531,-49.981,119.24,-574.4,9554.4,-79799,-9.1557e+05
81.531,-49.98,119.86,-568.33,9567.9,-79787,-9.1558e+05
81.531,-49.98,120.5,-559.65,9581.4,-79775,-9.1558e+05
81.531,-49.979,121.11,-551,9594.9,-79762,-9.1559e+05
81.531,-49.978,121.73,-542.35,9608.4,-79750,-9.156e+05
81.531,-49.977,122.35,-533.69,9622,-79738,-9.156e+05
81.531,-49.976,122.97,-525.04,9635.5,-79725,-9.1561e+05
81.531,-49.976,123.58,-516.39,9649,-79713,-9.1561e+05
81.531,-49.975,124.19,-491.52,9662.5,-79701,-9.1562e+05
81.531,-49.974,124.79,-466.67,9676.1,-79688,-9.1562e+05
81.53,-49.973,125.4,-448.95,9689.6,-79676,-9.1563e+05
81.53,-49.972,126.01,-431.23,9703.1,-79664,-9.1563e+05
81.53,-49.972,126.63,-413.5,9716.7,-79651,-9.1564e+05
81.53,-49.971,127.25,-373.78,9730.2,-79639,-9.1565e+05
81.53,-49.97,127.87,-346.43,9743.7,-79627,-9.1565e+05
81.53,-49.969,128.49,-319.08,9757.3,-79614,-9.1566e+05
81.53,-49.968,129.11,-292.55,9770.8,-79602,-9.1566e+05
81.53,-49.968,129.72,-266.04,9784.4,-79590,-9.1567e+05
81.53,-49.967,130.27,-239.54,9797.9,-79578,-9.1567e+05
81.53,-49.966,130.83,-223.76,9811.4,-79565,-9.1568e+05
81.53,-49.965,131.4,-207.97,9825,-79553,-9.1568e+05
81.53,-49.964,131.98,-192.17,9838.5,-79541,-9.1569e+05
81.53,-49.964,132.56,-176.37,9852,-79528,-9.157e+05
81.53,-49.963,133.17,-160.54,9865.6,-79516,-9.157e+05
81.53,-49.962,133.77,-144.72,9879.2,-79504,-9.1571e+05
81.53,-49.961,134.4,-128.87,9892.7,-79491,-9.1571e+05
81.53,-49.961,135.01,-113.03,9906.2,-79479,-9.1572e+05
81.53,-49.96,135.65,-66.655,9919.8,-79467,-9.1572e+05
81.53,-49.959,136.31,-35.925,9933.3,-79454,-9.1573e+05
81.53,-49.958,137,-5.1718,9946.9,-79442,-9.1574e+05
81.53,-49.957,137.7,13.766,9960.4,-79430,-9.1574e+05
81.53,-49.957,138.41,32.732,9973.9,-79417,-9.1575e+05
81.53,-49.956,139.16,51.717,9987.5,-79405,-9.1575e+05
81.53,-49.955,138.75,72.963,10001,-79393,-9.1576e+05
81.529,-49.954,138.36,94.222,10015,-79381,-9.1576e+05
81.529,-49.953,138,113.86,10028,-79368,-9.1577e+05
81.529,-49.953,137.64,137.64,10042,-79356,-9.1578e+05
